,distance,na_atm,na_atmno,na_coord,na_res,na_resno,prot_atm,prot_atmno,prot_coord,prot_res,prot_resno,prot_atmtype,prot_charge,prot_vdwradius,prot_vdweps,na_atmtype,na_charge,na_vdwradius,na_vdweps,Vdw_energy
10,4.970355033874512,C5',1452.0,[ 6.175 39.408 80.595],  G,569.0,CB,2753.0,[ 9.291 36.461 83.107],ASN,143.0,CT,-0.0447,1.9080000000000001,0.1094,CT,0.1916,1.9080000000000001,0.1094,-0.04056800423769695
11,4.71431303024292,C4',1453.0,[ 5.549 38.024 80.703],  G,569.0,CB,2753.0,[ 9.291 36.461 83.107],ASN,143.0,CT,-0.0447,1.9080000000000001,0.1094,CT,0.2239,1.9080000000000001,0.1094,-0.053338916590171134
12,4.3481831550598145,O3',1456.0,[ 6.945 36.467 79.446],  G,569.0,CB,2753.0,[ 9.291 36.461 83.107],ASN,143.0,CT,-0.0447,1.9080000000000001,0.1094,OS,-0.5246,1.6837,0.17,-0.07163864726439943
13,4.971194744110107,O2',1458.0,[ 4.995 35.229 80.93 ],  G,569.0,CB,2753.0,[ 9.291 36.461 83.107],ASN,143.0,CT,-0.0447,1.9080000000000001,0.1094,OH,-0.1953,1.7209999999999999,0.2104,-0.04209359267569908
14,4.844936370849609,OP1,1472.0,[ 9.079 35.786 78.314],  C,570.0,CB,2753.0,[ 9.291 36.461 83.107],ASN,143.0,CT,-0.0447,1.9080000000000001,0.1094,O2,-0.7759999999999999,1.6612,0.21,-0.043105323752512706
16,4.584240436553955,C5',1452.0,[ 6.175 39.408 80.595],  G,569.0,CG,2754.0,[ 7.852 35.886 83.003],ASN,143.0,C,0.713,1.9080000000000001,0.086,CT,0.1916,1.9080000000000001,0.1094,-0.04730398360476002
17,3.8942034244537354,C4',1453.0,[ 5.549 38.024 80.703],  G,569.0,CG,2754.0,[ 7.852 35.886 83.003],ASN,143.0,C,0.713,1.9080000000000001,0.086,CT,0.2239,1.9080000000000001,0.1094,-0.08519593818356011
18,4.856943607330322,O4',1454.0,[ 4.083 38.122 80.909],  G,569.0,CG,2754.0,[ 7.852 35.886 83.003],ASN,143.0,C,0.713,1.9080000000000001,0.086,OS,-0.3548,1.6837,0.17,-0.047038027029473545
19,4.30636739730835,C3',1455.0,[ 5.665 37.107 79.5  ],  G,569.0,CG,2754.0,[ 7.852 35.886 83.003],ASN,143.0,C,0.713,1.9080000000000001,0.086,CT,0.2637,1.9080000000000001,0.1094,-0.06104774542376685
20,3.716510534286499,O3',1456.0,[ 6.945 36.467 79.446],  G,569.0,CG,2754.0,[ 7.852 35.886 83.003],ASN,143.0,C,0.713,1.9080000000000001,0.086,OS,-0.5246,1.6837,0.17,-0.14384060046358124
21,4.51774263381958,C2',1457.0,[ 4.619 36.056 79.852],  G,569.0,CG,2754.0,[ 7.852 35.886 83.003],ASN,143.0,C,0.713,1.9080000000000001,0.086,CT,0.1642,1.9080000000000001,0.1094,-0.0519246029378437
22,3.5904626846313477,O2',1458.0,[ 4.995 35.229 80.93 ],  G,569.0,CG,2754.0,[ 7.852 35.886 83.003],ASN,143.0,C,0.713,1.9080000000000001,0.086,OH,-0.1953,1.7209999999999999,0.2104,-0.14472843843502833
23,4.96926736831665,P,1471.0,[ 7.602 36.149 78.047],  C,570.0,CG,2754.0,[ 7.852 35.886 83.003],ASN,143.0,C,0.713,1.9080000000000001,0.086,P,1.1662,2.1,0.2,-0.02859875238710706
24,4.847907543182373,OP1,1472.0,[ 9.079 35.786 78.314],  C,570.0,CG,2754.0,[ 7.852 35.886 83.003],ASN,143.0,C,0.713,1.9080000000000001,0.086,O2,-0.7759999999999999,1.6612,0.21,-0.06293788312335744
27,4.916398525238037,C5',1452.0,[ 6.175 39.408 80.595],  G,569.0,OD1,2755.0,[ 7.54  34.962 82.189],ASN,143.0,O,-0.5931,1.6612,0.21,CT,0.1916,1.9080000000000001,0.1094,-0.045833156354158106
28,3.943107843399048,C4',1453.0,[ 5.549 38.024 80.703],  G,569.0,OD1,2755.0,[ 7.54  34.962 82.189],ASN,143.0,O,-0.5931,1.6612,0.21,CT,0.2239,1.9080000000000001,0.1094,-0.12942470494336758
29,4.855395317077637,O4',1454.0,[ 4.083 38.122 80.909],  G,569.0,OD1,2755.0,[ 7.54  34.962 82.189],ASN,143.0,O,-0.5931,1.6612,0.21,OS,-0.3548,1.6837,0.17,-0.02930882809795784
30,3.917572259902954,C3',1455.0,[ 5.665 37.107 79.5  ],  G,569.0,OD1,2755.0,[ 7.54  34.962 82.189],ASN,143.0,O,-0.5931,1.6612,0.21,CT,0.2637,1.9080000000000001,0.1094,-0.13398449926748499
31,3.1848251819610596,O3',1456.0,[ 6.945 36.467 79.446],  G,569.0,OD1,2755.0,[ 7.54  34.962 82.189],ASN,143.0,O,-0.5931,1.6612,0.21,OS,-0.5246,1.6837,0.17,-0.1361566370028384
32,3.8975205421447754,C2',1457.0,[ 4.619 36.056 79.852],  G,569.0,OD1,2755.0,[ 7.54  34.962 82.189],ASN,143.0,O,-0.5931,1.6612,0.21,CT,0.1642,1.9080000000000001,0.1094,-0.13247698657694973
33,2.851911783218384,O2',1458.0,[ 4.995 35.229 80.93 ],  G,569.0,OD1,2755.0,[ 7.54  34.962 82.189],ASN,143.0,O,-0.5931,1.6612,0.21,OH,-0.1953,1.7209999999999999,0.2104,0.0
34,4.861753940582275,C1',1459.0,[ 3.479 36.939 80.39 ],  G,569.0,OD1,2755.0,[ 7.54  34.962 82.189],ASN,143.0,O,-0.5931,1.6612,0.21,CT,0.2197,1.9080000000000001,0.1094,-0.04925653683535441
35,4.309178352355957,P,1471.0,[ 7.602 36.149 78.047],  C,570.0,OD1,2755.0,[ 7.54  34.962 82.189],ASN,143.0,O,-0.5931,1.6612,0.21,P,1.1662,2.1,0.2,-0.17841661221880326
36,4.250072956085205,OP1,1472.0,[ 9.079 35.786 78.314],  C,570.0,OD1,2755.0,[ 7.54  34.962 82.189],ASN,143.0,O,-0.5931,1.6612,0.21,O2,-0.7759999999999999,1.6612,0.21,-0.059431339728005045
37,4.6396002769470215,O5',1474.0,[ 6.922 34.789 77.594],  C,570.0,OD1,2755.0,[ 7.54  34.962 82.189],ASN,143.0,O,-0.5931,1.6612,0.21,OS,-0.4989,1.6837,0.17,-0.03559004493476033
38,3.9646081924438477,C5',1475.0,[ 7.016 33.698 78.468],  C,570.0,OD1,2755.0,[ 7.54  34.962 82.189],ASN,143.0,O,-0.5931,1.6612,0.21,CT,0.1916,1.9080000000000001,0.1094,-0.12565787871101736
41,4.487246513366699,C5',1452.0,[ 6.175 39.408 80.595],  G,569.0,ND2,2756.0,[ 7.017 36.408 83.824],ASN,143.0,N,-0.0799,1.824,0.17,CT,0.1916,1.9080000000000001,0.1094,-0.07609084745735398
42,3.8088161945343018,C4',1453.0,[ 5.549 38.024 80.703],  G,569.0,ND2,2756.0,[ 7.017 36.408 83.824],ASN,143.0,N,-0.0799,1.824,0.17,CT,0.2239,1.9080000000000001,0.1094,-0.13580195086090696
43,4.476984024047852,O4',1454.0,[ 4.083 38.122 80.909],  G,569.0,ND2,2756.0,[ 7.017 36.408 83.824],ASN,143.0,N,-0.0799,1.824,0.17,OS,-0.3548,1.6837,0.17,-0.06813906416004084
44,4.584043502807617,C3',1455.0,[ 5.665 37.107 79.5  ],  G,569.0,ND2,2756.0,[ 7.017 36.408 83.824],ASN,143.0,N,-0.0799,1.824,0.17,CT,0.2637,1.9080000000000001,0.1094,-0.06885856605692546
45,4.378987789154053,O3',1456.0,[ 6.945 36.467 79.446],  G,569.0,ND2,2756.0,[ 7.017 36.408 83.824],ASN,143.0,N,-0.0799,1.824,0.17,OS,-0.5246,1.6837,0.17,-0.07576966183819653
46,4.653073787689209,C2',1457.0,[ 4.619 36.056 79.852],  G,569.0,ND2,2756.0,[ 7.017 36.408 83.824],ASN,143.0,N,-0.0799,1.824,0.17,CT,0.1642,1.9080000000000001,0.1094,-0.06354816165302749
47,3.722062349319458,O2',1458.0,[ 4.995 35.229 80.93 ],  G,569.0,ND2,2756.0,[ 7.017 36.408 83.824],ASN,143.0,N,-0.0799,1.824,0.17,OH,-0.1953,1.7209999999999999,0.2104,-0.17583872971209719
48,4.9590067863464355,C1',1459.0,[ 3.479 36.939 80.39 ],  G,569.0,ND2,2756.0,[ 7.017 36.408 83.824],ASN,143.0,N,-0.0799,1.824,0.17,CT,0.2197,1.9080000000000001,0.1094,-0.04576306970346268
59,4.670814037322998,OP1,579.0,[  9.186  28.197 108.606],  G,528.0,OD1,3199.0,[ 13.686  29.357 108.136],ASP,200.0,O2,-0.8014,1.6612,0.21,O2,-0.7759999999999999,1.6612,0.21,-0.02237233543536036
63,4.921924591064453,OP1,579.0,[  9.186  28.197 108.606],  G,528.0,OE1,3212.0,[ 13.654  26.921 106.983],GLU,202.0,O2,-0.8188,1.6612,0.21,O2,-0.7759999999999999,1.6612,0.21,-0.011625287733687418
67,4.668826580047607,O2',762.0,[ 15.733  27.773 122.877],  U,536.0,CA,3346.0,[ 16.322  32.185 121.468],LYS,227.0,CT,-0.2158,1.9080000000000001,0.1094,OH,-0.1953,1.7209999999999999,0.2104,-0.05760485007281647
69,4.310178279876709,O2',762.0,[ 15.733  27.773 122.877],  U,536.0,C,3347.0,[ 15.435  31.392 120.555],LYS,227.0,C,0.7431,1.9080000000000001,0.086,OH,-0.1953,1.7209999999999999,0.2104,-0.0865816499155417
70,4.310205459594727,C5',776.0,[ 12.79   28.    120.831],  A,537.0,C,3347.0,[ 15.435  31.392 120.555],LYS,227.0,C,0.7431,1.9080000000000001,0.086,CT,0.1916,1.9080000000000001,0.1094,-0.06326356144259855
71,4.448244571685791,C4',777.0,[ 13.381  27.587 119.511],  A,537.0,C,3347.0,[ 15.435  31.392 120.555],LYS,227.0,C,0.7431,1.9080000000000001,0.086,CT,0.2239,1.9080000000000001,0.1094,-0.05350422988636262
72,4.726576328277588,O4',778.0,[ 14.597  26.801 119.806],  A,537.0,C,3347.0,[ 15.435  31.392 120.555],LYS,227.0,C,0.7431,1.9080000000000001,0.086,OS,-0.3548,1.6837,0.17,-0.053880248690984144
73,4.836352825164795,O3',760.0,[ 13.286  27.121 123.966],  U,536.0,O,3348.0,[ 15.135  30.223 120.749],LYS,227.0,O,-0.5894,1.6612,0.21,OS,-0.5246,1.6837,0.17,-0.0258752943264954
74,4.421889305114746,C2',761.0,[ 15.371  26.416 122.986],  U,536.0,O,3348.0,[ 15.135  30.223 120.749],LYS,227.0,O,-0.5894,1.6612,0.21,CT,0.1642,1.9080000000000001,0.1094,-0.07719234102924281
75,3.2997689247131348,O2',762.0,[ 15.733  27.773 122.877],  U,536.0,O,3348.0,[ 15.135  30.223 120.749],LYS,227.0,O,-0.5894,1.6612,0.21,OH,-0.1953,1.7209999999999999,0.2104,-0.19427639518657108
76,4.440855979919434,O5',775.0,[ 12.378  26.835 121.55 ],  A,537.0,O,3348.0,[ 15.135  30.223 120.749],LYS,227.0,O,-0.5894,1.6612,0.21,OS,-0.4989,1.6837,0.17,-0.04779187649792957
77,3.232255697250366,C5',776.0,[ 12.79   28.    120.831],  A,537.0,O,3348.0,[ 15.135  30.223 120.749],LYS,227.0,O,-0.5894,1.6612,0.21,CT,0.1916,1.9080000000000001,0.1094,-0.06220369435917255
78,3.3996551036834717,C4',777.0,[ 13.381  27.587 119.511],  A,537.0,O,3348.0,[ 15.135  30.223 120.749],LYS,227.0,O,-0.5894,1.6612,0.21,CT,0.2239,1.9080000000000001,0.1094,-0.14555983162459338
79,3.5900936126708984,O4',778.0,[ 14.597  26.801 119.806],  A,537.0,O,3348.0,[ 15.135  30.223 120.749],LYS,227.0,O,-0.5894,1.6612,0.21,OS,-0.3548,1.6837,0.17,-0.15011687678496122
80,4.8954033851623535,C3',779.0,[ 12.545  26.63  118.664],  A,537.0,O,3348.0,[ 15.135  30.223 120.749],LYS,227.0,O,-0.5894,1.6612,0.21,CT,0.2637,1.9080000000000001,0.1094,-0.048600370850370916
81,4.826982021331787,C1',783.0,[ 14.778  25.821 118.801],  A,537.0,O,3348.0,[ 15.135  30.223 120.749],LYS,227.0,O,-0.5894,1.6612,0.21,CT,0.2401,1.9080000000000001,0.1094,-0.051571791703293055
82,4.926792144775391,O2',762.0,[ 15.733  27.773 122.877],  U,536.0,CG,3350.0,[ 14.249  32.465 123.114],LYS,227.0,CT,0.0393,1.9080000000000001,0.1094,OH,-0.1953,1.7209999999999999,0.2104,-0.044907878920817886
84,4.819002628326416,C5',776.0,[ 12.79   28.    120.831],  A,537.0,N,3354.0,[ 15.066  32.021 119.462],LYS,228.0,N,-0.0732,1.824,0.17,CT,0.1916,1.9080000000000001,0.1094,-0.05309688731803723
85,4.743625640869141,C4',777.0,[ 13.381  27.587 119.511],  A,537.0,N,3354.0,[ 15.066  32.021 119.462],LYS,228.0,N,-0.0732,1.824,0.17,CT,0.2239,1.9080000000000001,0.1094,-0.05773699386627047
86,4.341761112213135,C5',776.0,[ 12.79   28.    120.831],  A,537.0,CA,3355.0,[ 14.159  31.403 118.508],LYS,228.0,CT,-0.2158,1.9080000000000001,0.1094,CT,0.1916,1.9080000000000001,0.1094,-0.07980459571189846
87,4.021584987640381,C4',777.0,[ 13.381  27.587 119.511],  A,537.0,CA,3355.0,[ 14.159  31.403 118.508],LYS,228.0,CT,-0.2158,1.9080000000000001,0.1094,CT,0.2239,1.9080000000000001,0.1094,-0.10440668313996629
88,4.801566123962402,O4',778.0,[ 14.597  26.801 119.806],  A,537.0,CA,3355.0,[ 14.159  31.403 118.508],LYS,228.0,CT,-0.2158,1.9080000000000001,0.1094,OS,-0.3548,1.6837,0.17,-0.040275759732510664
89,4.845315456390381,O3',780.0,[ 11.609  27.337 117.843],  A,537.0,CA,3355.0,[ 14.159  31.403 118.508],LYS,228.0,CT,-0.2158,1.9080000000000001,0.1094,OS,-0.5246,1.6837,0.17,-0.03667542862525997
90,4.976772308349609,O2',782.0,[ 14.078  26.776 116.677],  A,537.0,CA,3355.0,[ 14.159  31.403 118.508],LYS,228.0,CT,-0.2158,1.9080000000000001,0.1094,OH,-0.1953,1.7209999999999999,0.2104,-0.04048376241974762
91,4.597256660461426,C5',776.0,[ 12.79   28.    120.831],  A,537.0,C,3356.0,[ 14.881  30.453 117.553],LYS,228.0,C,0.7431,1.9080000000000001,0.086,CT,0.1916,1.9080000000000001,0.1094,-0.046338333215128306
92,3.7812321186065674,C4',777.0,[ 13.381  27.587 119.511],  A,537.0,C,3356.0,[ 14.881  30.453 117.553],LYS,228.0,C,0.7431,1.9080000000000001,0.086,CT,0.2239,1.9080000000000001,0.1094,-0.08505095440277409
93,4.300436019897461,O4',778.0,[ 14.597  26.801 119.806],  A,537.0,C,3356.0,[ 14.881  30.453 117.553],LYS,228.0,C,0.7431,1.9080000000000001,0.086,OS,-0.3548,1.6837,0.17,-0.082405559163514
94,4.615900993347168,C3',779.0,[ 12.545  26.63  118.664],  A,537.0,C,3356.0,[ 14.881  30.453 117.553],LYS,228.0,C,0.7431,1.9080000000000001,0.086,CT,0.2637,1.9080000000000001,0.1094,-0.04284767861853168
95,4.5276408195495605,O3',780.0,[ 11.609  27.337 117.843],  A,537.0,C,3356.0,[ 14.881  30.453 117.553],LYS,228.0,C,0.7431,1.9080000000000001,0.086,OS,-0.5246,1.6837,0.17,-0.0717730279249841
96,4.651933670043945,C2',781.0,[ 13.625  25.98  117.788],  A,537.0,C,3356.0,[ 14.881  30.453 117.553],LYS,228.0,C,0.7431,1.9080000000000001,0.086,CT,0.1642,1.9080000000000001,0.1094,-0.044463943304092875
97,3.8642609119415283,O2',782.0,[ 14.078  26.776 116.677],  A,537.0,C,3356.0,[ 14.881  30.453 117.553],LYS,228.0,C,0.7431,1.9080000000000001,0.086,OH,-0.1953,1.7209999999999999,0.2104,-0.13097150471972868
98,4.798285007476807,C1',783.0,[ 14.778  25.821 118.801],  A,537.0,C,3356.0,[ 14.881  30.453 117.553],LYS,228.0,C,0.7431,1.9080000000000001,0.086,CT,0.2401,1.9080000000000001,0.1094,-0.0351235070935928
99,4.434947967529297,C5',776.0,[ 12.79   28.    120.831],  A,537.0,O,3357.0,[ 14.274  29.568 116.957],LYS,228.0,O,-0.5894,1.6612,0.21,CT,0.1916,1.9080000000000001,0.1094,-0.0769170977623532
100,3.3533170223236084,C4',777.0,[ 13.381  27.587 119.511],  A,537.0,O,3357.0,[ 14.274  29.568 116.957],LYS,228.0,O,-0.5894,1.6612,0.21,CT,0.2239,1.9080000000000001,0.1094,-0.13206017041900647
101,3.984647274017334,O4',778.0,[ 14.597  26.801 119.806],  A,537.0,O,3357.0,[ 14.274  29.568 116.957],LYS,228.0,O,-0.5894,1.6612,0.21,OS,-0.3548,1.6837,0.17,-0.09592307770166325
102,3.8124988079071045,C3',779.0,[ 12.545  26.63  118.664],  A,537.0,O,3357.0,[ 14.274  29.568 116.957],LYS,228.0,O,-0.5894,1.6612,0.21,CT,0.2637,1.9080000000000001,0.1094,-0.14608071488636998
103,3.586724042892456,O3',780.0,[ 11.609  27.337 117.843],  A,537.0,O,3357.0,[ 14.274  29.568 116.957],LYS,228.0,O,-0.5894,1.6612,0.21,OS,-0.5246,1.6837,0.17,-0.1427873391262137
104,3.7397215366363525,C2',781.0,[ 13.625  25.98  117.788],  A,537.0,O,3357.0,[ 14.274  29.568 116.957],LYS,228.0,O,-0.5894,1.6612,0.21,CT,0.1642,1.9080000000000001,0.1094,-0.149450755100608
105,2.8128435611724854,O2',782.0,[ 14.078  26.776 116.677],  A,537.0,O,3357.0,[ 14.274  29.568 116.957],LYS,228.0,O,-0.5894,1.6612,0.21,OH,-0.1953,1.7209999999999999,0.2104,0.0
106,4.20646858215332,C1',783.0,[ 14.778  25.821 118.801],  A,537.0,O,3357.0,[ 14.274  29.568 116.957],LYS,228.0,O,-0.5894,1.6612,0.21,CT,0.2401,1.9080000000000001,0.1094,-0.10001662240764302
107,4.981871128082275,P,794.0,[ 10.294  26.594 117.323],  G,538.0,O,3357.0,[ 14.274  29.568 116.957],LYS,228.0,O,-0.5894,1.6612,0.21,P,1.1662,2.1,0.2,-0.09656967778209781
108,3.9500482082366943,OP1,602.0,[  8.892  33.412 111.934],  C,529.0,CE,3361.0,[ 12.128  33.381 114.199],LYS,228.0,CT,0.2127,1.9080000000000001,0.1094,O2,-0.7759999999999999,1.6612,0.21,-0.13066975836929068
109,3.977642059326172,P,601.0,[  7.646  32.674 111.618],  C,529.0,NZ,3362.0,[ 10.622  33.191 114.206],LYS,228.0,N3,0.6346,1.875,0.17,P,1.1662,2.1,0.2,-0.1376121181759698
110,2.8642165660858154,OP1,602.0,[  8.892  33.412 111.934],  C,529.0,NZ,3362.0,[ 10.622  33.191 114.206],LYS,228.0,N3,0.6346,1.875,0.17,O2,-0.7759999999999999,1.6612,0.21,0.0
111,4.358381748199463,OP2,603.0,[  7.562  31.216 111.812],  C,529.0,NZ,3362.0,[ 10.622  33.191 114.206],LYS,228.0,N3,0.6346,1.875,0.17,O2,-0.7759999999999999,1.6612,0.21,-0.11835115044269458
112,4.562229156494141,O5',604.0,[  6.431  33.32  112.408],  C,529.0,NZ,3362.0,[ 10.622  33.191 114.206],LYS,228.0,N3,0.6346,1.875,0.17,OS,-0.4989,1.6837,0.17,-0.08317352583012605
113,4.499716281890869,OP2,623.0,[  6.613  33.152 116.249],  G,530.0,NZ,3362.0,[ 10.622  33.191 114.206],LYS,228.0,N3,0.6346,1.875,0.17,O2,-0.7759999999999999,1.6612,0.21,-0.10285416764089218
114,4.6231513023376465,C4',777.0,[ 13.381  27.587 119.511],  A,537.0,N,3363.0,[ 16.19   30.628 117.453],ALA,229.0,N,-0.1438,1.824,0.17,CT,0.2239,1.9080000000000001,0.1094,-0.06653631232491228
115,4.766568183898926,O4',778.0,[ 14.597  26.801 119.806],  A,537.0,N,3363.0,[ 16.19   30.628 117.453],ALA,229.0,N,-0.1438,1.824,0.17,OS,-0.3548,1.6837,0.17,-0.0474645990041523
116,4.461012840270996,O2',782.0,[ 14.078  26.776 116.677],  A,537.0,N,3363.0,[ 16.19   30.628 117.453],ALA,229.0,N,-0.1438,1.824,0.17,OH,-0.1953,1.7209999999999999,0.2104,-0.0818473914539736
117,4.219694137573242,O2',782.0,[ 14.078  26.776 116.677],  A,537.0,CA,3364.0,[ 16.965  29.847 116.477],ALA,229.0,CT,0.016,1.9080000000000001,0.1094,OH,-0.1953,1.7209999999999999,0.2104,-0.09810972709594205
118,4.660226821899414,C4',777.0,[ 13.381  27.587 119.511],  A,537.0,C,3365.0,[ 16.924  28.333 116.577],ALA,229.0,C,0.5973,1.9080000000000001,0.086,CT,0.2239,1.9080000000000001,0.1094,-0.043506526140492906
119,4.264782428741455,O4',778.0,[ 14.597  26.801 119.806],  A,537.0,C,3365.0,[ 16.924  28.333 116.577],ALA,229.0,C,0.5973,1.9080000000000001,0.086,OS,-0.3548,1.6837,0.17,-0.08254142306506906
120,4.229247093200684,C2',781.0,[ 13.625  25.98  117.788],  A,537.0,C,3365.0,[ 16.924  28.333 116.577],ALA,229.0,C,0.5973,1.9080000000000001,0.086,CT,0.1642,1.9080000000000001,0.1094,-0.07095337098663268
121,3.2456071376800537,O2',782.0,[ 14.078  26.776 116.677],  A,537.0,C,3365.0,[ 16.924  28.333 116.577],ALA,229.0,C,0.5973,1.9080000000000001,0.086,OH,-0.1953,1.7209999999999999,0.2104,-0.02313985410956975
122,3.9826669692993164,C1',783.0,[ 14.778  25.821 118.801],  A,537.0,C,3365.0,[ 16.924  28.333 116.577],ALA,229.0,C,0.5973,1.9080000000000001,0.086,CT,0.2401,1.9080000000000001,0.1094,-0.0829907418615147
123,4.41727352142334,O2,766.0,[ 17.535  25.311 121.277],  U,536.0,O,3366.0,[ 16.893  27.767 117.662],ALA,229.0,O,-0.5679,1.6612,0.21,O,-0.5477,1.6612,0.21,-0.05321490707165422
124,3.9730770587921143,C4',777.0,[ 13.381  27.587 119.511],  A,537.0,O,3366.0,[ 16.893  27.767 117.662],ALA,229.0,O,-0.5679,1.6612,0.21,CT,0.2239,1.9080000000000001,0.1094,-0.1255162421400814
125,3.286562442779541,O4',778.0,[ 14.597  26.801 119.806],  A,537.0,O,3366.0,[ 16.893  27.767 117.662],ALA,229.0,O,-0.5679,1.6612,0.21,OS,-0.3548,1.6837,0.17,-0.16794812009332533
126,4.604549407958984,C3',779.0,[ 12.545  26.63  118.664],  A,537.0,O,3366.0,[ 16.893  27.767 117.662],ALA,229.0,O,-0.5679,1.6612,0.21,CT,0.2637,1.9080000000000001,0.1094,-0.06568943665817734
127,3.726804256439209,C2',781.0,[ 13.625  25.98  117.788],  A,537.0,O,3366.0,[ 16.893  27.767 117.662],ALA,229.0,O,-0.5679,1.6612,0.21,CT,0.1642,1.9080000000000001,0.1094,-0.15038031270602453
128,3.1426949501037598,O2',782.0,[ 14.078  26.776 116.677],  A,537.0,O,3366.0,[ 16.893  27.767 117.662],ALA,229.0,O,-0.5679,1.6612,0.21,OH,-0.1953,1.7209999999999999,0.2104,-0.13451366193406283
129,3.091514825820923,C1',783.0,[ 14.778  25.821 118.801],  A,537.0,O,3366.0,[ 16.893  27.767 117.662],ALA,229.0,O,-0.5679,1.6612,0.21,CT,0.2401,1.9080000000000001,0.1094,0.0
130,4.332906723022461,N9,784.0,[ 14.621  24.503 119.382],  A,537.0,O,3366.0,[ 16.893  27.767 117.662],ALA,229.0,O,-0.5679,1.6612,0.21,N*,-0.0251,1.824,0.17,-0.08772439514414754
131,4.6724419593811035,N3,792.0,[ 15.726  23.243 117.605],  A,537.0,O,3366.0,[ 16.893  27.767 117.662],ALA,229.0,O,-0.5679,1.6612,0.21,NC,-0.6997,1.824,0.17,-0.041277329374443325
132,4.918094635009766,C4,793.0,[ 15.032  23.352 118.772],  A,537.0,O,3366.0,[ 16.893  27.767 117.662],ALA,229.0,O,-0.5679,1.6612,0.21,CB,0.3053,1.9080000000000001,0.086,-0.04356713354044636
133,4.426019191741943,C2',781.0,[ 13.625  25.98  117.788],  A,537.0,N,3368.0,[ 16.954  27.694 115.428],TYR,230.0,N,-0.1438,1.824,0.17,CT,0.1642,1.9080000000000001,0.1094,-0.08161488002794978
134,3.267125129699707,O2',782.0,[ 14.078  26.776 116.677],  A,537.0,N,3368.0,[ 16.954  27.694 115.428],TYR,230.0,N,-0.1438,1.824,0.17,OH,-0.1953,1.7209999999999999,0.2104,-0.11096802440735605
135,4.429474830627441,C1',783.0,[ 14.778  25.821 118.801],  A,537.0,N,3368.0,[ 16.954  27.694 115.428],TYR,230.0,N,-0.1438,1.824,0.17,CT,0.2401,1.9080000000000001,0.1094,-0.0818755363946981
136,4.162257194519043,C2',781.0,[ 13.625  25.98  117.788],  A,537.0,CA,3369.0,[ 16.947  26.242 115.294],TYR,230.0,CT,0.0862,1.9080000000000001,0.1094,CT,0.1642,1.9080000000000001,0.1094,-0.09053660827604729
137,3.229398488998413,O2',782.0,[ 14.078  26.776 116.677],  A,537.0,CA,3369.0,[ 16.947  26.242 115.294],TYR,230.0,CT,0.0862,1.9080000000000001,0.1094,OH,-0.1953,1.7209999999999999,0.2104,0.0
138,4.144982814788818,C1',783.0,[ 14.778  25.821 118.801],  A,537.0,CA,3369.0,[ 16.947  26.242 115.294],TYR,230.0,CT,0.0862,1.9080000000000001,0.1094,CT,0.2401,1.9080000000000001,0.1094,-0.09145777027846695
139,4.841294288635254,C2,791.0,[ 15.872  21.95  117.259],  A,537.0,CA,3369.0,[ 16.947  26.242 115.294],TYR,230.0,CT,0.0862,1.9080000000000001,0.1094,CQ,0.6348,1.9080000000000001,0.086,-0.038609971219546874
140,3.9781389236450195,N3,792.0,[ 15.726  23.243 117.605],  A,537.0,CA,3369.0,[ 16.947  26.242 115.294],TYR,230.0,CT,0.0862,1.9080000000000001,0.1094,NC,-0.6997,1.824,0.17,-0.12636574106446508
141,4.9107890129089355,C4,793.0,[ 15.032  23.352 118.772],  A,537.0,CA,3369.0,[ 16.947  26.242 115.294],TYR,230.0,CT,0.0862,1.9080000000000001,0.1094,CB,0.3053,1.9080000000000001,0.086,-0.036917245018550225
142,4.411197662353516,O2',782.0,[ 14.078  26.776 116.677],  A,537.0,C,3370.0,[ 18.311  25.809 115.899],TYR,230.0,C,0.5973,1.9080000000000001,0.086,OH,-0.1953,1.7209999999999999,0.2104,-0.07647031204676422
143,4.572072505950928,C1',783.0,[ 14.778  25.821 118.801],  A,537.0,C,3370.0,[ 18.311  25.809 115.899],TYR,230.0,C,0.5973,1.9080000000000001,0.086,CT,0.2401,1.9080000000000001,0.1094,-0.047633533672929884
144,4.763423442840576,C2,791.0,[ 15.872  21.95  117.259],  A,537.0,C,3370.0,[ 18.311  25.809 115.899],TYR,230.0,C,0.5973,1.9080000000000001,0.086,CQ,0.6348,1.9080000000000001,0.086,-0.02274447029972955
145,4.022067546844482,N3,792.0,[ 15.726  23.243 117.605],  A,537.0,C,3370.0,[ 18.311  25.809 115.899],TYR,230.0,C,0.5973,1.9080000000000001,0.086,NC,-0.6997,1.824,0.17,-0.13092017583658688
146,4.079918384552002,O2',782.0,[ 14.078  26.776 116.677],  A,537.0,CB,3372.0,[ 16.842  25.899 113.807],TYR,230.0,CT,0.0438,1.9080000000000001,0.1094,OH,-0.1953,1.7209999999999999,0.2104,-0.11357484404465686
147,4.767035484313965,N3,792.0,[ 15.726  23.243 117.605],  A,537.0,CB,3372.0,[ 16.842  25.899 113.807],TYR,230.0,CT,0.0438,1.9080000000000001,0.1094,NC,-0.6997,1.824,0.17,-0.056914699681970556
148,4.9460978507995605,O2',782.0,[ 14.078  26.776 116.677],  A,537.0,CG,3373.0,[ 16.993  24.391 113.471],TYR,230.0,CA,-0.0011,1.9080000000000001,0.086,OH,-0.1953,1.7209999999999999,0.2104,-0.038688175945373035
149,4.64371395111084,C2,791.0,[ 15.872  21.95  117.259],  A,537.0,CG,3373.0,[ 16.993  24.391 113.471],TYR,230.0,CA,-0.0011,1.9080000000000001,0.086,CQ,0.6348,1.9080000000000001,0.086,-0.04484220432376713
150,4.473608493804932,N3,792.0,[ 15.726  23.243 117.605],  A,537.0,CG,3373.0,[ 16.993  24.391 113.471],TYR,230.0,CA,-0.0011,1.9080000000000001,0.086,NC,-0.6997,1.824,0.17,-0.0677340089102588
151,4.953038692474365,O4',800.0,[ 12.708  23.508 115.793],  G,538.0,CG,3373.0,[ 16.993  24.391 113.471],TYR,230.0,CA,-0.0011,1.9080000000000001,0.086,OS,-0.3548,1.6837,0.17,-0.03258978976742479
153,4.786675453186035,O2',782.0,[ 14.078  26.776 116.677],  A,537.0,CD1,3374.0,[ 15.981  23.473 113.782],TYR,230.0,CA,-0.0207,1.9080000000000001,0.086,OH,-0.1953,1.7209999999999999,0.2104,-0.046060947465135525
154,4.922037124633789,N1,790.0,[ 15.475  20.861 117.923],  A,537.0,CD1,3374.0,[ 15.981  23.473 113.782],TYR,230.0,CA,-0.0207,1.9080000000000001,0.086,NC,-0.7615,1.824,0.17,-0.04093369735069296
155,3.797495126724243,C2,791.0,[ 15.872  21.95  117.259],  A,537.0,CD1,3374.0,[ 15.981  23.473 113.782],TYR,230.0,CA,-0.0207,1.9080000000000001,0.086,CQ,0.6348,1.9080000000000001,0.086,-0.08683586874028947
156,3.838397741317749,N3,792.0,[ 15.726  23.243 117.605],  A,537.0,CD1,3374.0,[ 15.981  23.473 113.782],TYR,230.0,CA,-0.0207,1.9080000000000001,0.086,NC,-0.6997,1.824,0.17,-0.11701739800117313
157,4.2890214920043945,C4',799.0,[ 11.85   24.083 114.761],  G,538.0,CD1,3374.0,[ 15.981  23.473 113.782],TYR,230.0,CA,-0.0207,1.9080000000000001,0.086,CT,0.2239,1.9080000000000001,0.1094,-0.07261222937881029
158,3.8415985107421875,O4',800.0,[ 12.708  23.508 115.793],  G,538.0,CD1,3374.0,[ 15.981  23.473 113.782],TYR,230.0,CA,-0.0207,1.9080000000000001,0.086,OS,-0.3548,1.6837,0.17,-0.10708207397105933
159,4.885894775390625,C2',803.0,[ 11.516  21.743 114.753],  G,538.0,CD1,3374.0,[ 15.981  23.473 113.782],TYR,230.0,CA,-0.0207,1.9080000000000001,0.086,CT,0.1642,1.9080000000000001,0.1094,-0.03917766419358205
160,4.232846736907959,O2',804.0,[ 12.288  21.411 113.618],  G,538.0,CD1,3374.0,[ 15.981  23.473 113.782],TYR,230.0,CA,-0.0207,1.9080000000000001,0.086,OH,-0.1953,1.7209999999999999,0.2104,-0.0853989463579139
161,4.326507568359375,C1',805.0,[ 12.456  22.124 115.897],  G,538.0,CD1,3374.0,[ 15.981  23.473 113.782],TYR,230.0,CA,-0.0207,1.9080000000000001,0.086,CT,0.2197,1.9080000000000001,0.1094,-0.07007439065035592
163,4.671063423156738,N1,790.0,[ 15.475  20.861 117.923],  A,537.0,CE1,3376.0,[ 16.11   22.117 113.469],TYR,230.0,CA,-0.0685,1.9080000000000001,0.086,NC,-0.7615,1.824,0.17,-0.052329894565029976
164,3.8011367321014404,C2,791.0,[ 15.872  21.95  117.259],  A,537.0,CE1,3376.0,[ 16.11   22.117 113.469],TYR,230.0,CA,-0.0685,1.9080000000000001,0.086,CQ,0.6348,1.9080000000000001,0.086,-0.08896127056624924
165,4.3037004470825195,N3,792.0,[ 15.726  23.243 117.605],  A,537.0,CE1,3376.0,[ 16.11   22.117 113.469],TYR,230.0,CA,-0.0685,1.9080000000000001,0.086,NC,-0.6997,1.824,0.17,-0.07837693763005299
166,4.866417407989502,C4',799.0,[ 11.85   24.083 114.761],  G,538.0,CE1,3376.0,[ 16.11   22.117 113.469],TYR,230.0,CA,-0.0685,1.9080000000000001,0.086,CT,0.2239,1.9080000000000001,0.1094,-0.040505597501449546
167,4.348499774932861,O4',800.0,[ 12.708  23.508 115.793],  G,538.0,CE1,3376.0,[ 16.11   22.117 113.469],TYR,230.0,CA,-0.0685,1.9080000000000001,0.086,OS,-0.3548,1.6837,0.17,-0.06330819835544116
168,4.784701347351074,C2',803.0,[ 11.516  21.743 114.753],  G,538.0,CE1,3376.0,[ 16.11   22.117 113.469],TYR,230.0,CA,-0.0685,1.9080000000000001,0.086,CT,0.1642,1.9080000000000001,0.1094,-0.043991351035931194
169,3.889514923095703,O2',804.0,[ 12.288  21.411 113.618],  G,538.0,CE1,3376.0,[ 16.11   22.117 113.469],TYR,230.0,CA,-0.0685,1.9080000000000001,0.086,OH,-0.1953,1.7209999999999999,0.2104,-0.11805405701308565
170,4.3871355056762695,C1',805.0,[ 12.456  22.124 115.897],  G,538.0,CE1,3376.0,[ 16.11   22.117 113.469],TYR,230.0,CA,-0.0685,1.9080000000000001,0.086,CT,0.2197,1.9080000000000001,0.1094,-0.06660371733668267
173,4.6613640785217285,C2,791.0,[ 15.872  21.95  117.259],  A,537.0,CZ,3378.0,[ 17.301  21.685 112.83 ],TYR,230.0,C,0.3226,1.9080000000000001,0.086,CQ,0.6348,1.9080000000000001,0.086,-0.03455590946566216
177,4.629105567932129,O2,766.0,[ 17.535  25.311 121.277],  U,536.0,N,3380.0,[ 18.308  24.779 116.744],CYS,231.0,N,-0.1438,1.824,0.17,O,-0.5477,1.6612,0.21,-0.05888222628081538
178,4.888578414916992,N3,767.0,[ 17.34   23.1   121.232],  U,536.0,N,3380.0,[ 18.308  24.779 116.744],CYS,231.0,N,-0.1438,1.824,0.17,'NA',-0.0395,1.824,0.17,-0.05340343670466137
179,4.945991039276123,C2',781.0,[ 13.625  25.98  117.788],  A,537.0,N,3380.0,[ 18.308  24.779 116.744],CYS,231.0,N,-0.1438,1.824,0.17,CT,0.1642,1.9080000000000001,0.1094,-0.04665779638708373
180,4.678183555603027,O2',782.0,[ 14.078  26.776 116.677],  A,537.0,N,3380.0,[ 18.308  24.779 116.744],CYS,231.0,N,-0.1438,1.824,0.17,OH,-0.1953,1.7209999999999999,0.2104,-0.06355318156864849
181,4.216386318206787,C1',783.0,[ 14.778  25.821 118.801],  A,537.0,N,3380.0,[ 18.308  24.779 116.744],CYS,231.0,N,-0.1438,1.824,0.17,CT,0.2401,1.9080000000000001,0.1094,-0.10156103222939462
182,4.541936874389648,N9,784.0,[ 14.621  24.503 119.382],  A,537.0,N,3380.0,[ 18.308  24.779 116.744],CYS,231.0,N,-0.1438,1.824,0.17,N*,-0.0251,1.824,0.17,-0.07884983901427027
183,4.976608753204346,N1,790.0,[ 15.475  20.861 117.923],  A,537.0,N,3380.0,[ 18.308  24.779 116.744],CYS,231.0,N,-0.1438,1.824,0.17,NC,-0.7615,1.824,0.17,-0.044234979017711645
184,3.7686281204223633,C2,791.0,[ 15.872  21.95  117.259],  A,537.0,N,3380.0,[ 18.308  24.779 116.744],CYS,231.0,N,-0.1438,1.824,0.17,CQ,0.6348,1.9080000000000001,0.086,-0.12694880372756265
185,3.125274896621704,N3,792.0,[ 15.726  23.243 117.605],  A,537.0,N,3380.0,[ 18.308  24.779 116.744],CYS,231.0,N,-0.1438,1.824,0.17,NC,-0.6997,1.824,0.17,0.0
186,4.10868501663208,C4,793.0,[ 15.032  23.352 118.772],  A,537.0,N,3380.0,[ 18.308  24.779 116.744],CYS,231.0,N,-0.1438,1.824,0.17,CB,0.3053,1.9080000000000001,0.086,-0.10027574347727472
187,4.98448371887207,C2,765.0,[ 17.176  24.318 121.803],  U,536.0,CA,3381.0,[ 19.531  24.343 117.41 ],CYS,231.0,CT,0.1337,1.9080000000000001,0.1094,C,0.4687,1.9080000000000001,0.086,-0.032604367308469294
188,4.458105564117432,O2,766.0,[ 17.535  25.311 121.277],  U,536.0,CA,3381.0,[ 19.531  24.343 117.41 ],CYS,231.0,CT,0.1337,1.9080000000000001,0.1094,O,-0.5477,1.6612,0.21,-0.07300394672862844
189,4.57746696472168,N3,767.0,[ 17.34   23.1   121.232],  U,536.0,CA,3381.0,[ 19.531  24.343 117.41 ],CYS,231.0,CT,0.1337,1.9080000000000001,0.1094,'NA',-0.0395,1.824,0.17,-0.06859408658725814
190,4.374646186828613,C2,791.0,[ 15.872  21.95  117.259],  A,537.0,CA,3381.0,[ 19.531  24.343 117.41 ],CYS,231.0,CT,0.1337,1.9080000000000001,0.1094,CQ,0.6348,1.9080000000000001,0.086,-0.06220322424300014
191,3.965608835220337,N3,792.0,[ 15.726  23.243 117.605],  A,537.0,CA,3381.0,[ 19.531  24.343 117.41 ],CYS,231.0,CT,0.1337,1.9080000000000001,0.1094,NC,-0.6997,1.824,0.17,-0.12961110293255795
192,4.8039703369140625,C4,793.0,[ 15.032  23.352 118.772],  A,537.0,CA,3381.0,[ 19.531  24.343 117.41 ],CYS,231.0,CT,0.1337,1.9080000000000001,0.1094,CB,0.3053,1.9080000000000001,0.086,-0.04084429576738516
193,4.596094608306885,C2,765.0,[ 17.176  24.318 121.803],  U,536.0,C,3382.0,[ 19.264  22.944 117.946],CYS,231.0,C,0.5973,1.9080000000000001,0.086,C,0.4687,1.9080000000000001,0.086,-0.03386227530177166
194,4.437082767486572,O2,766.0,[ 17.535  25.311 121.277],  U,536.0,C,3382.0,[ 19.264  22.944 117.946],CYS,231.0,C,0.5973,1.9080000000000001,0.086,O,-0.5477,1.6612,0.21,-0.07956920616667316
195,3.8110270500183105,N3,767.0,[ 17.34   23.1   121.232],  U,536.0,C,3382.0,[ 19.264  22.944 117.946],CYS,231.0,C,0.5973,1.9080000000000001,0.086,'NA',-0.0395,1.824,0.17,-0.12084992910276275
196,4.5930256843566895,C4,768.0,[ 16.971  21.877 121.78 ],  U,536.0,C,3382.0,[ 19.264  22.944 117.946],CYS,231.0,C,0.5973,1.9080000000000001,0.086,C,0.5952,1.9080000000000001,0.086,-0.030414884810449648
197,4.337868690490723,O4,769.0,[ 17.314  20.834 121.196],  U,536.0,C,3382.0,[ 19.264  22.944 117.946],CYS,231.0,C,0.5973,1.9080000000000001,0.086,O,-0.5761,1.6612,0.21,-0.0887460591862228
198,4.323879718780518,N1,790.0,[ 15.475  20.861 117.923],  A,537.0,C,3382.0,[ 19.264  22.944 117.946],CYS,231.0,C,0.5973,1.9080000000000001,0.086,NC,-0.7615,1.824,0.17,-0.1036406015580615
199,3.6007866859436035,C2,791.0,[ 15.872  21.95  117.259],  A,537.0,C,3382.0,[ 19.264  22.944 117.946],CYS,231.0,C,0.5973,1.9080000000000001,0.086,CQ,0.6348,1.9080000000000001,0.086,-0.0418260189484692
200,3.566948890686035,N3,792.0,[ 15.726  23.243 117.605],  A,537.0,C,3382.0,[ 19.264  22.944 117.946],CYS,231.0,C,0.5973,1.9080000000000001,0.086,NC,-0.6997,1.824,0.17,-0.14200603380410143
201,4.331116676330566,C4,793.0,[ 15.032  23.352 118.772],  A,537.0,C,3382.0,[ 19.264  22.944 117.946],CYS,231.0,C,0.5973,1.9080000000000001,0.086,CB,0.3053,1.9080000000000001,0.086,-0.05191951994365937
202,4.890875339508057,N1,764.0,[ 16.585  24.337 123.062],  U,536.0,O,3383.0,[ 19.011  22.79  119.107],CYS,231.0,O,-0.5679,1.6612,0.21,N*,0.0418,1.824,0.17,-0.04723109487988544
203,3.6014463901519775,C2,765.0,[ 17.176  24.318 121.803],  U,536.0,O,3383.0,[ 19.011  22.79  119.107],CYS,231.0,O,-0.5679,1.6612,0.21,C,0.4687,1.9080000000000001,0.086,-0.15453829236903777
204,3.639080762863159,O2,766.0,[ 17.535  25.311 121.277],  U,536.0,O,3383.0,[ 19.011  22.79  119.107],CYS,231.0,O,-0.5679,1.6612,0.21,O,-0.5477,1.6612,0.21,-0.14931170493565202
205,2.721022605895996,N3,767.0,[ 17.34   23.1   121.232],  U,536.0,O,3383.0,[ 19.011  22.79  119.107],CYS,231.0,O,-0.5679,1.6612,0.21,'NA',-0.0395,1.824,0.17,0.0
206,3.4842610359191895,C4,768.0,[ 16.971  21.877 121.78 ],  U,536.0,O,3383.0,[ 19.011  22.79  119.107],CYS,231.0,O,-0.5679,1.6612,0.21,C,0.5952,1.9080000000000001,0.086,-0.15898178197142904
207,3.3271098136901855,O4,769.0,[ 17.314  20.834 121.196],  U,536.0,O,3383.0,[ 19.011  22.79  119.107],CYS,231.0,O,-0.5679,1.6612,0.21,O,-0.5761,1.6612,0.21,-0.18042965055792462
208,4.860030174255371,C5,770.0,[ 16.314  21.97  123.066],  U,536.0,O,3383.0,[ 19.011  22.79  119.107],CYS,231.0,O,-0.5679,1.6612,0.21,CM,-0.1824,1.9080000000000001,0.086,-0.03447442861699088
209,4.720390796661377,N9,784.0,[ 14.621  24.503 119.382],  A,537.0,O,3383.0,[ 19.011  22.79  119.107],CYS,231.0,O,-0.5679,1.6612,0.21,N*,-0.0251,1.824,0.17,-0.055617669489360415
210,4.520763874053955,C5,787.0,[ 14.536  22.323 119.547],  A,537.0,O,3383.0,[ 19.011  22.79  119.107],CYS,231.0,O,-0.5679,1.6612,0.21,CB,0.0515,1.9080000000000001,0.086,-0.058642826974055165
211,4.571409225463867,C6,788.0,[ 14.797  21.018 119.108],  A,537.0,O,3383.0,[ 19.011  22.79  119.107],CYS,231.0,O,-0.5679,1.6612,0.21,CA,0.7009,1.9080000000000001,0.086,-0.07303633244497108
212,4.198357582092285,N1,790.0,[ 15.475  20.861 117.923],  A,537.0,O,3383.0,[ 19.011  22.79  119.107],CYS,231.0,O,-0.5679,1.6612,0.21,NC,-0.7615,1.824,0.17,-0.07889668713859753
213,3.7381844520568848,C2,791.0,[ 15.872  21.95  117.259],  A,537.0,O,3383.0,[ 19.011  22.79  119.107],CYS,231.0,O,-0.5679,1.6612,0.21,CQ,0.6348,1.9080000000000001,0.086,-0.15229165206308223
214,3.6403892040252686,N3,792.0,[ 15.726  23.243 117.605],  A,537.0,O,3383.0,[ 19.011  22.79  119.107],CYS,231.0,O,-0.5679,1.6612,0.21,NC,-0.6997,1.824,0.17,-0.14896361984380296
215,4.0324320793151855,C4,793.0,[ 15.032  23.352 118.772],  A,537.0,O,3383.0,[ 19.011  22.79  119.107],CYS,231.0,O,-0.5679,1.6612,0.21,CB,0.3053,1.9080000000000001,0.086,-0.1088325139564019
216,4.275797367095947,C2,765.0,[ 17.176  24.318 121.803],  U,536.0,CB,3384.0,[ 19.812  25.274 118.575],CYS,231.0,CT,0.0993,1.9080000000000001,0.1094,C,0.4687,1.9080000000000001,0.086,-0.0707131227844255
217,3.533684015274048,O2,766.0,[ 17.535  25.311 121.277],  U,536.0,CB,3384.0,[ 19.812  25.274 118.575],CYS,231.0,CT,0.0993,1.9080000000000001,0.1094,O,-0.5477,1.6612,0.21,-0.15534761421810842
218,4.2304534912109375,N3,767.0,[ 17.34   23.1   121.232],  U,536.0,CB,3384.0,[ 19.812  25.274 118.575],CYS,231.0,CT,0.0993,1.9080000000000001,0.1094,'NA',-0.0395,1.824,0.17,-0.09847857422928401
219,4.664895534515381,N3,792.0,[ 15.726  23.243 117.605],  A,537.0,CB,3384.0,[ 19.812  25.274 118.575],CYS,231.0,CT,0.0993,1.9080000000000001,0.1094,NC,-0.6997,1.824,0.17,-0.0653278521378291
220,4.9963836669921875,C2,765.0,[ 17.176  24.318 121.803],  U,536.0,SG,3385.0,[ 21.454  25.194 119.375],CYS,231.0,SH,-0.1186,2.0,0.25,C,0.4687,1.9080000000000001,0.086,-0.06168824895342644
221,4.357735633850098,O2,766.0,[ 17.535  25.311 121.277],  U,536.0,SG,3385.0,[ 21.454  25.194 119.375],CYS,231.0,SH,-0.1186,2.0,0.25,O,-0.5477,1.6612,0.21,-0.12940769879017575
222,4.975770473480225,N3,767.0,[ 17.34   23.1   121.232],  U,536.0,SG,3385.0,[ 21.454  25.194 119.375],CYS,231.0,SH,-0.1186,2.0,0.25,'NA',-0.0395,1.824,0.17,-0.07601047361576363
223,4.746951103210449,N3,767.0,[ 17.34   23.1   121.232],  U,536.0,N,3386.0,[ 19.338  21.923 117.09 ],PRO,232.0,N,-0.2548,1.824,0.17,'NA',-0.0395,1.824,0.17,-0.06237579972098671
224,4.705502986907959,O4,769.0,[ 17.314  20.834 121.196],  U,536.0,N,3386.0,[ 19.338  21.923 117.09 ],PRO,232.0,N,-0.2548,1.824,0.17,O,-0.5761,1.6612,0.21,-0.05060757777266322
225,4.09200382232666,N1,790.0,[ 15.475  20.861 117.923],  A,537.0,N,3386.0,[ 19.338  21.923 117.09 ],PRO,232.0,N,-0.2548,1.824,0.17,NC,-0.7615,1.824,0.17,-0.11625339570628968
226,3.4702227115631104,C2,791.0,[ 15.872  21.95  117.259],  A,537.0,N,3386.0,[ 19.338  21.923 117.09 ],PRO,232.0,N,-0.2548,1.824,0.17,CQ,0.6348,1.9080000000000001,0.086,-0.0981590264108707
227,3.8799705505371094,N3,792.0,[ 15.726  23.243 117.605],  A,537.0,N,3386.0,[ 19.338  21.923 117.09 ],PRO,232.0,N,-0.2548,1.824,0.17,NC,-0.6997,1.824,0.17,-0.1419054255967468
228,4.838679313659668,C4,793.0,[ 15.032  23.352 118.772],  A,537.0,N,3386.0,[ 19.338  21.923 117.09 ],PRO,232.0,N,-0.2548,1.824,0.17,CB,0.3053,1.9080000000000001,0.086,-0.04887271145279366
229,4.741870403289795,N3,767.0,[ 17.34   23.1   121.232],  U,536.0,CA,3387.0,[ 19.053  20.571 117.605],PRO,232.0,CT,0.0375,1.9080000000000001,0.1094,'NA',-0.0395,1.824,0.17,-0.05718415834501799
230,4.844682216644287,C4,768.0,[ 16.971  21.877 121.78 ],  U,536.0,CA,3387.0,[ 19.053  20.571 117.605],PRO,232.0,CT,0.0375,1.9080000000000001,0.1094,C,0.5952,1.9080000000000001,0.086,-0.03984542572340413
231,3.9985673427581787,O4,769.0,[ 17.314  20.834 121.196],  U,536.0,CA,3387.0,[ 19.053  20.571 117.605],PRO,232.0,CT,0.0375,1.9080000000000001,0.1094,O,-0.5761,1.6612,0.21,-0.11590753169438175
232,4.535674571990967,C6,788.0,[ 14.797  21.018 119.108],  A,537.0,CA,3387.0,[ 19.053  20.571 117.605],PRO,232.0,CT,0.0375,1.9080000000000001,0.1094,CA,0.7009,1.9080000000000001,0.086,-0.05532222598800502
233,3.6037893295288086,N1,790.0,[ 15.475  20.861 117.923],  A,537.0,CA,3387.0,[ 19.053  20.571 117.605],PRO,232.0,CT,0.0375,1.9080000000000001,0.1094,NC,-0.7615,1.824,0.17,-0.13114608998038246
234,3.4842677116394043,C2,791.0,[ 15.872  21.95  117.259],  A,537.0,CA,3387.0,[ 19.053  20.571 117.605],PRO,232.0,CT,0.0375,1.9080000000000001,0.1094,CQ,0.6348,1.9080000000000001,0.086,-0.0439447164420962
235,4.267143726348877,N3,792.0,[ 15.726  23.243 117.605],  A,537.0,CA,3387.0,[ 19.053  20.571 117.605],PRO,232.0,CT,0.0375,1.9080000000000001,0.1094,NC,-0.6997,1.824,0.17,-0.09619148260850122
237,4.964856147766113,C4,768.0,[ 16.971  21.877 121.78 ],  U,536.0,C,3388.0,[ 20.218  20.067 118.489],PRO,232.0,C,0.5896,1.9080000000000001,0.086,C,0.5952,1.9080000000000001,0.086,-0.01756810141498434
238,4.0434346199035645,O4,769.0,[ 17.314  20.834 121.196],  U,536.0,C,3388.0,[ 20.218  20.067 118.489],PRO,232.0,C,0.5896,1.9080000000000001,0.086,O,-0.5761,1.6612,0.21,-0.11784934296034874
239,4.842194080352783,N1,790.0,[ 15.475  20.861 117.923],  A,537.0,C,3388.0,[ 20.218  20.067 118.489],PRO,232.0,C,0.5896,1.9080000000000001,0.086,NC,-0.7615,1.824,0.17,-0.06452419170105589
240,4.893496513366699,C2,791.0,[ 15.872  21.95  117.259],  A,537.0,C,3388.0,[ 20.218  20.067 118.489],PRO,232.0,C,0.5896,1.9080000000000001,0.086,CQ,0.6348,1.9080000000000001,0.086,-0.018699238475381602
241,4.982663631439209,C6,788.0,[ 14.797  21.018 119.108],  A,537.0,CB,3390.0,[ 18.749  19.781 116.337],PRO,232.0,CT,0.0436,1.9080000000000001,0.1094,CA,0.7009,1.9080000000000001,0.086,-0.03396412728495949
242,3.7948477268218994,N1,790.0,[ 15.475  20.861 117.923],  A,537.0,CB,3390.0,[ 18.749  19.781 116.337],PRO,232.0,CT,0.0436,1.9080000000000001,0.1094,NC,-0.7615,1.824,0.17,-0.1374403005762712
243,3.719111442565918,C2,791.0,[ 15.872  21.95  117.259],  A,537.0,CB,3390.0,[ 18.749  19.781 116.337],PRO,232.0,CT,0.0436,1.9080000000000001,0.1094,CQ,0.6348,1.9080000000000001,0.086,-0.09229562617682642
244,4.767789363861084,N3,792.0,[ 15.726  23.243 117.605],  A,537.0,CB,3390.0,[ 18.749  19.781 116.337],PRO,232.0,CT,0.0436,1.9080000000000001,0.1094,NC,-0.6997,1.824,0.17,-0.05686227015748178
246,4.923408031463623,N1,790.0,[ 15.475  20.861 117.923],  A,537.0,CG,3391.0,[ 19.623  20.462 115.301],PRO,232.0,CT,0.0615,1.9080000000000001,0.1094,NC,-0.7615,1.824,0.17,-0.04876371607929938
247,4.485299110412598,C2,791.0,[ 15.872  21.95  117.259],  A,537.0,CG,3391.0,[ 19.623  20.462 115.301],PRO,232.0,CT,0.0615,1.9080000000000001,0.1094,CQ,0.6348,1.9080000000000001,0.086,-0.057677956411481913
249,4.842277526855469,N1,790.0,[ 15.475  20.861 117.923],  A,537.0,CD,3392.0,[ 19.615  21.94  115.655],PRO,232.0,CT,0.0974,1.9080000000000001,0.1094,NC,-0.7615,1.824,0.17,-0.0543360665257135
250,4.072220325469971,C2,791.0,[ 15.872  21.95  117.259],  A,537.0,CD,3392.0,[ 19.615  21.94  115.655],PRO,232.0,CT,0.0974,1.9080000000000001,0.1094,CQ,0.6348,1.9080000000000001,0.086,-0.08315604380791644
251,4.541436672210693,N3,792.0,[ 15.726  23.243 117.605],  A,537.0,CD,3392.0,[ 19.615  21.94  115.655],PRO,232.0,CT,0.0974,1.9080000000000001,0.1094,NC,-0.6997,1.824,0.17,-0.07436589464354204
252,4.663944244384766,N3,767.0,[ 17.34   23.1   121.232],  U,536.0,N,3393.0,[ 19.889  19.518 119.675],ALA,233.0,N,-0.1438,1.824,0.17,'NA',-0.0395,1.824,0.17,-0.06868022723651421
253,4.302396297454834,C4,768.0,[ 16.971  21.877 121.78 ],  U,536.0,N,3393.0,[ 19.889  19.518 119.675],ALA,233.0,N,-0.1438,1.824,0.17,C,0.5952,1.9080000000000001,0.086,-0.08569598764470197
254,3.267401695251465,O4,769.0,[ 17.314  20.834 121.196],  U,536.0,N,3393.0,[ 19.889  19.518 119.675],ALA,233.0,N,-0.1438,1.824,0.17,O,-0.5761,1.6612,0.21,-0.1389435973114067
255,4.935237407684326,N1,790.0,[ 15.475  20.861 117.923],  A,537.0,N,3393.0,[ 19.889  19.518 119.675],ALA,233.0,N,-0.1438,1.824,0.17,NC,-0.7615,1.824,0.17,-0.04643872283980496
257,4.065927505493164,O4,769.0,[ 17.314  20.834 121.196],  U,536.0,CA,3394.0,[ 20.9    19.001 120.637],ALA,233.0,CT,0.016,1.9080000000000001,0.1094,O,-0.5761,1.6612,0.21,-0.10753405597141863
259,4.7594122886657715,C4,768.0,[ 16.971  21.877 121.78 ],  U,536.0,CB,3397.0,[ 20.245  18.423 121.833],ALA,233.0,CT,0.0016,1.9080000000000001,0.1094,C,0.5952,1.9080000000000001,0.086,-0.044649129822525904
260,3.8483059406280518,O4,769.0,[ 17.314  20.834 121.196],  U,536.0,CB,3397.0,[ 20.245  18.423 121.833],ALA,233.0,CT,0.0016,1.9080000000000001,0.1094,O,-0.5761,1.6612,0.21,-0.13160799823430783
263,4.768994331359863,N2,749.0,[ 20.281  25.629 130.769],  G,535.0,CG,3598.0,[ 21.496  27.491 134.988],PRO,258.0,CT,0.0615,1.9080000000000001,0.1094,N2,-0.0944,1.824,0.17,-0.05570229887002284
264,4.318718910217285,N2,749.0,[ 20.281  25.629 130.769],  G,535.0,CD,3599.0,[ 22.681  26.974 134.098],PRO,258.0,CT,0.0974,1.9080000000000001,0.1094,N2,-0.0944,1.824,0.17,-0.09042125498940679
265,4.692948341369629,O6,746.0,[ 21.454  21.206 130.684],  G,535.0,CA,3619.0,[ 23.222  21.614 135.012],PHE,261.0,CT,0.0954,1.9080000000000001,0.1094,O,-0.5597,1.6612,0.21,-0.05541512140351374
266,4.820845603942871,O6,746.0,[ 21.454  21.206 130.684],  G,535.0,O,3621.0,[ 25.189  21.216 133.732],PHE,261.0,O,-0.5679,1.6612,0.21,O,-0.5597,1.6612,0.21,-0.028913432253912838
267,4.862570762634277,C5,744.0,[ 19.103  21.715 130.574],  G,535.0,CB,3622.0,[ 22.623  22.433 133.851],PHE,261.0,CT,0.0247,1.9080000000000001,0.1094,CB,0.1744,1.9080000000000001,0.086,-0.03984029075604134
268,3.8651533126831055,C6,745.0,[ 20.51   21.99  130.645],  G,535.0,CB,3622.0,[ 22.623  22.433 133.851],PHE,261.0,CT,0.0247,1.9080000000000001,0.1094,C,0.47700000000000004,1.9080000000000001,0.086,-0.09567829533054782
269,3.591925621032715,O6,746.0,[ 21.454  21.206 130.684],  G,535.0,CB,3622.0,[ 22.623  22.433 133.851],PHE,261.0,CT,0.0247,1.9080000000000001,0.1094,O,-0.5597,1.6612,0.21,-0.1524316538025264
270,3.783959150314331,N1,747.0,[ 20.77   23.361 130.685],  G,535.0,CB,3622.0,[ 22.623  22.433 133.851],PHE,261.0,CT,0.0247,1.9080000000000001,0.1094,'NA',-0.1363,1.824,0.17,-0.1357452693554087
271,4.656182289123535,C2,748.0,[ 19.82   24.361 130.672],  G,535.0,CB,3622.0,[ 22.623  22.433 133.851],PHE,261.0,CT,0.0247,1.9080000000000001,0.1094,CA,0.7657,1.9080000000000001,0.086,-0.04900519195769391
272,4.778369903564453,N7,743.0,[ 18.399  20.498 130.509],  G,535.0,CG,3623.0,[ 21.113  22.512 133.887],PHE,261.0,CA,0.0118,1.9080000000000001,0.086,NB,-0.5709,1.824,0.17,-0.04895375545925593
273,3.9561595916748047,C5,744.0,[ 19.103  21.715 130.574],  G,535.0,CG,3623.0,[ 21.113  22.512 133.887],PHE,261.0,CA,0.0118,1.9080000000000001,0.086,CB,0.1744,1.9080000000000001,0.086,-0.08261150229214224
274,3.3386504650115967,C6,745.0,[ 20.51   21.99  130.645],  G,535.0,CG,3623.0,[ 21.113  22.512 133.887],PHE,261.0,CA,0.0118,1.9080000000000001,0.086,C,0.47700000000000004,1.9080000000000001,0.086,0.0
275,3.4757800102233887,O6,746.0,[ 21.454  21.206 130.684],  G,535.0,CG,3623.0,[ 21.113  22.512 133.887],PHE,261.0,CA,0.0118,1.9080000000000001,0.086,O,-0.5597,1.6612,0.21,-0.13093546513458287
276,3.3303496837615967,N1,747.0,[ 20.77   23.361 130.685],  G,535.0,CG,3623.0,[ 21.113  22.512 133.887],PHE,261.0,CA,0.0118,1.9080000000000001,0.086,'NA',-0.1363,1.824,0.17,-0.004883893775163531
277,3.927703857421875,C2,748.0,[ 19.82   24.361 130.672],  G,535.0,CG,3623.0,[ 21.113  22.512 133.887],PHE,261.0,CA,0.0118,1.9080000000000001,0.086,CA,0.7657,1.9080000000000001,0.086,-0.08324130402735729
278,4.486626625061035,N2,749.0,[ 20.281  25.629 130.769],  G,535.0,CG,3623.0,[ 21.113  22.512 133.887],PHE,261.0,CA,0.0118,1.9080000000000001,0.086,N2,-0.0944,1.824,0.17,-0.06688977346416501
279,4.4985198974609375,N3,750.0,[ 18.524  24.14  130.588],  G,535.0,CG,3623.0,[ 21.113  22.512 133.887],PHE,261.0,CA,0.0118,1.9080000000000001,0.086,NC,-0.6323,1.84,0.17,-0.06772856637301329
280,4.420307636260986,C4,751.0,[ 18.227  22.797 130.551],  G,535.0,CG,3623.0,[ 21.113  22.512 133.887],PHE,261.0,CA,0.0118,1.9080000000000001,0.086,CB,0.1222,1.9080000000000001,0.086,-0.0563878887947845
281,4.113842964172363,C5,744.0,[ 19.103  21.715 130.574],  G,535.0,CD1,3624.0,[ 20.464  23.742 133.885],PHE,261.0,CA,0.0074,1.9080000000000001,0.086,CB,0.1744,1.9080000000000001,0.086,-0.07459385266913256
282,3.683634042739868,C6,745.0,[ 20.51   21.99  130.645],  G,535.0,CD1,3624.0,[ 20.464  23.742 133.885],PHE,261.0,CA,0.0074,1.9080000000000001,0.086,C,0.47700000000000004,1.9080000000000001,0.086,-0.0809531449397658
283,4.202110290527344,O6,746.0,[ 21.454  21.206 130.684],  G,535.0,CD1,3624.0,[ 20.464  23.742 133.885],PHE,261.0,CA,0.0074,1.9080000000000001,0.086,O,-0.5597,1.6612,0.21,-0.08221245046970181
284,3.2370941638946533,N1,747.0,[ 20.77   23.361 130.685],  G,535.0,CD1,3624.0,[ 20.464  23.742 133.885],PHE,261.0,CA,0.0074,1.9080000000000001,0.086,'NA',-0.1363,1.824,0.17,0.0
285,3.3348538875579834,C2,748.0,[ 19.82   24.361 130.672],  G,535.0,CD1,3624.0,[ 20.464  23.742 133.885],PHE,261.0,CA,0.0074,1.9080000000000001,0.086,CA,0.7657,1.9080000000000001,0.086,0.0
286,3.6474227905273438,N2,749.0,[ 20.281  25.629 130.769],  G,535.0,CD1,3624.0,[ 20.464  23.742 133.885],PHE,261.0,CA,0.0074,1.9080000000000001,0.086,N2,-0.0944,1.824,0.17,-0.11833692319964173
287,3.846062183380127,N3,750.0,[ 18.524  24.14  130.588],  G,535.0,CD1,3624.0,[ 20.464  23.742 133.885],PHE,261.0,CA,0.0074,1.9080000000000001,0.086,NC,-0.6323,1.84,0.17,-0.11873773921122077
288,4.124651908874512,C4,751.0,[ 18.227  22.797 130.551],  G,535.0,CD1,3624.0,[ 20.464  23.742 133.885],PHE,261.0,CA,0.0074,1.9080000000000001,0.086,CB,0.1222,1.9080000000000001,0.086,-0.07398720234997437
289,4.885876655578613,N9,741.0,[ 16.944  22.234 130.506],  G,535.0,CD2,3625.0,[ 20.359  21.383 133.895],PHE,261.0,CA,0.0074,1.9080000000000001,0.086,N*,0.0492,1.824,0.17,-0.0432437952084445
290,4.739108562469482,C8,742.0,[ 17.13   20.846 130.468],  G,535.0,CD2,3625.0,[ 20.359  21.383 133.895],PHE,261.0,CA,0.0074,1.9080000000000001,0.086,CK,0.3014,1.9080000000000001,0.086,-0.04039280101861366
291,4.0112128257751465,N7,743.0,[ 18.399  20.498 130.509],  G,535.0,CD2,3625.0,[ 20.359  21.383 133.895],PHE,261.0,CA,0.0074,1.9080000000000001,0.086,NB,-0.5709,1.824,0.17,-0.10624752606684192
292,3.56606125831604,C5,744.0,[ 19.103  21.715 130.574],  G,535.0,CD2,3625.0,[ 20.359  21.383 133.895],PHE,261.0,CA,0.0074,1.9080000000000001,0.086,CB,0.1744,1.9080000000000001,0.086,-0.06427168840160133
293,3.309645175933838,C6,745.0,[ 20.51   21.99  130.645],  G,535.0,CD2,3625.0,[ 20.359  21.383 133.895],PHE,261.0,CA,0.0074,1.9080000000000001,0.086,C,0.47700000000000004,1.9080000000000001,0.086,0.0
294,3.3971853256225586,O6,746.0,[ 21.454  21.206 130.684],  G,535.0,CD2,3625.0,[ 20.359  21.383 133.895],PHE,261.0,CA,0.0074,1.9080000000000001,0.086,O,-0.5597,1.6612,0.21,-0.11875447178447951
295,3.7928290367126465,N1,747.0,[ 20.77   23.361 130.685],  G,535.0,CD2,3625.0,[ 20.359  21.383 133.895],PHE,261.0,CA,0.0074,1.9080000000000001,0.086,'NA',-0.1363,1.824,0.17,-0.11994984353166291
296,4.4211745262146,C2,748.0,[ 19.82   24.361 130.672],  G,535.0,CD2,3625.0,[ 20.359  21.383 133.895],PHE,261.0,CA,0.0074,1.9080000000000001,0.086,CA,0.7657,1.9080000000000001,0.086,-0.05612272415715934
297,4.68023157119751,N3,750.0,[ 18.524  24.14  130.588],  G,535.0,CD2,3625.0,[ 20.359  21.383 133.895],PHE,261.0,CA,0.0074,1.9080000000000001,0.086,NC,-0.6323,1.84,0.17,-0.05558421055119879
298,4.210371017456055,C4,751.0,[ 18.227  22.797 130.551],  G,535.0,CD2,3625.0,[ 20.359  21.383 133.895],PHE,261.0,CA,0.0074,1.9080000000000001,0.086,CB,0.1222,1.9080000000000001,0.086,-0.06886356672070112
299,4.854866981506348,C1',740.0,[ 15.669  22.982 130.502],  G,535.0,CE1,3626.0,[ 19.057  23.819 133.877],PHE,261.0,CA,-0.0274,1.9080000000000001,0.086,CT,0.2197,1.9080000000000001,0.1094,-0.04060936901328738
300,4.282598495483398,N9,741.0,[ 16.944  22.234 130.506],  G,535.0,CE1,3626.0,[ 19.057  23.819 133.877],PHE,261.0,CA,-0.0274,1.9080000000000001,0.086,N*,0.0492,1.824,0.17,-0.08278760463049051
301,4.9166364669799805,C8,742.0,[ 17.13   20.846 130.468],  G,535.0,CE1,3626.0,[ 19.057  23.819 133.877],PHE,261.0,CA,-0.0274,1.9080000000000001,0.086,CK,0.3014,1.9080000000000001,0.086,-0.03383066033912594
302,4.775500774383545,N7,743.0,[ 18.399  20.498 130.509],  G,535.0,CE1,3626.0,[ 19.057  23.819 133.877],PHE,261.0,CA,-0.0274,1.9080000000000001,0.086,NB,-0.5709,1.824,0.17,-0.04812589538848783
303,3.9164652824401855,C5,744.0,[ 19.103  21.715 130.574],  G,535.0,CE1,3626.0,[ 19.057  23.819 133.877],PHE,261.0,CA,-0.0274,1.9080000000000001,0.086,CB,0.1744,1.9080000000000001,0.086,-0.0845189911653877
304,3.9877617359161377,C6,745.0,[ 20.51   21.99  130.645],  G,535.0,CE1,3626.0,[ 19.057  23.819 133.877],PHE,261.0,CA,-0.0274,1.9080000000000001,0.086,C,0.47700000000000004,1.9080000000000001,0.086,-0.08218693341218365
305,4.7716450691223145,O6,746.0,[ 21.454  21.206 130.684],  G,535.0,CE1,3626.0,[ 19.057  23.819 133.877],PHE,261.0,CA,-0.0274,1.9080000000000001,0.086,O,-0.5597,1.6612,0.21,-0.04228028566109526
306,3.6514394283294678,N1,747.0,[ 20.77   23.361 130.685],  G,535.0,CE1,3626.0,[ 19.057  23.819 133.877],PHE,261.0,CA,-0.0274,1.9080000000000001,0.086,'NA',-0.1363,1.824,0.17,-0.11826671194668306
307,3.338857650756836,C2,748.0,[ 19.82   24.361 130.672],  G,535.0,CE1,3626.0,[ 19.057  23.819 133.877],PHE,261.0,CA,-0.0274,1.9080000000000001,0.086,CA,0.7657,1.9080000000000001,0.086,0.0
308,3.799203872680664,N2,749.0,[ 20.281  25.629 130.769],  G,535.0,CE1,3626.0,[ 19.057  23.819 133.877],PHE,261.0,CA,-0.0274,1.9080000000000001,0.086,N2,-0.0944,1.824,0.17,-0.11948710209823875
309,3.3473362922668457,N3,750.0,[ 18.524  24.14  130.588],  G,535.0,CE1,3626.0,[ 19.057  23.819 133.877],PHE,261.0,CA,-0.0274,1.9080000000000001,0.086,NC,-0.6323,1.84,0.17,-0.005455821206992571
310,3.577105760574341,C4,751.0,[ 18.227  22.797 130.551],  G,535.0,CE1,3626.0,[ 19.057  23.819 133.877],PHE,261.0,CA,-0.0274,1.9080000000000001,0.086,CB,0.1222,1.9080000000000001,0.086,-0.06695004162622463
311,4.969987392425537,C1',740.0,[ 15.669  22.982 130.502],  G,535.0,CE2,3627.0,[ 18.969  21.446 133.886],PHE,261.0,CA,-0.0274,1.9080000000000001,0.086,CT,0.2197,1.9080000000000001,0.1094,-0.03591901259405762
312,4.0182085037231445,N9,741.0,[ 16.944  22.234 130.506],  G,535.0,CE2,3627.0,[ 18.969  21.446 133.886],PHE,261.0,CA,-0.0274,1.9080000000000001,0.086,N*,0.0492,1.824,0.17,-0.10548972415200877
313,3.9274215698242188,C8,742.0,[ 17.13   20.846 130.468],  G,535.0,CE2,3627.0,[ 18.969  21.446 133.886],PHE,261.0,CA,-0.0274,1.9080000000000001,0.086,CK,0.3014,1.9080000000000001,0.086,-0.0843722953686124
314,3.553550958633423,N7,743.0,[ 18.399  20.498 130.509],  G,535.0,CE2,3627.0,[ 18.969  21.446 133.886],PHE,261.0,CA,-0.0274,1.9080000000000001,0.086,NB,-0.5709,1.824,0.17,-0.10555186909833053
315,3.325603485107422,C5,744.0,[ 19.103  21.715 130.574],  G,535.0,CE2,3627.0,[ 18.969  21.446 133.886],PHE,261.0,CA,-0.0274,1.9080000000000001,0.086,CB,0.1744,1.9080000000000001,0.086,0.0
316,3.6296944618225098,C6,745.0,[ 20.51   21.99  130.645],  G,535.0,CE2,3627.0,[ 18.969  21.446 133.886],PHE,261.0,CA,-0.0274,1.9080000000000001,0.086,C,0.47700000000000004,1.9080000000000001,0.086,-0.07643906211451261
317,4.06024694442749,O6,746.0,[ 21.454  21.206 130.684],  G,535.0,CE2,3627.0,[ 18.969  21.446 133.886],PHE,261.0,CA,-0.0274,1.9080000000000001,0.086,O,-0.5597,1.6612,0.21,-0.09447786173250423
318,4.14213228225708,N1,747.0,[ 20.77   23.361 130.685],  G,535.0,CE2,3627.0,[ 18.969  21.446 133.886],PHE,261.0,CA,-0.0274,1.9080000000000001,0.086,'NA',-0.1363,1.824,0.17,-0.0945444514782936
319,4.421680450439453,C2,748.0,[ 19.82   24.361 130.672],  G,535.0,CE2,3627.0,[ 18.969  21.446 133.886],PHE,261.0,CA,-0.0274,1.9080000000000001,0.086,CA,0.7657,1.9080000000000001,0.086,-0.05745705362434563
320,4.281646251678467,N3,750.0,[ 18.524  24.14  130.588],  G,535.0,CE2,3627.0,[ 18.969  21.446 133.886],PHE,261.0,CA,-0.0274,1.9080000000000001,0.086,NC,-0.6323,1.84,0.17,-0.08338092079238311
321,3.6739678382873535,C4,751.0,[ 18.227  22.797 130.551],  G,535.0,CE2,3627.0,[ 18.969  21.446 133.886],PHE,261.0,CA,-0.0274,1.9080000000000001,0.086,CB,0.1222,1.9080000000000001,0.086,-0.08063123893834237
322,4.775763511657715,O4',735.0,[ 14.622  22.105 130.912],  G,535.0,CZ,3628.0,[ 18.324  22.674 133.875],PHE,261.0,CA,0.0225,1.9080000000000001,0.086,OS,-0.3548,1.6837,0.17,-0.04014819612743058
323,4.303606033325195,C1',740.0,[ 15.669  22.982 130.502],  G,535.0,CZ,3628.0,[ 18.324  22.674 133.875],PHE,261.0,CA,0.0225,1.9080000000000001,0.086,CT,0.2197,1.9080000000000001,0.1094,-0.07110591970613876
324,3.6671762466430664,N9,741.0,[ 16.944  22.234 130.506],  G,535.0,CZ,3628.0,[ 18.324  22.674 133.875],PHE,261.0,CA,0.0225,1.9080000000000001,0.086,N*,0.0492,1.824,0.17,-0.11934487502034638
325,4.0465850830078125,C8,742.0,[ 17.13   20.846 130.468],  G,535.0,CZ,3628.0,[ 18.324  22.674 133.875],PHE,261.0,CA,0.0225,1.9080000000000001,0.086,CK,0.3014,1.9080000000000001,0.086,-0.07801334452529515
326,4.008808135986328,N7,743.0,[ 18.399  20.498 130.509],  G,535.0,CZ,3628.0,[ 18.324  22.674 133.875],PHE,261.0,CA,0.0225,1.9080000000000001,0.086,NB,-0.5709,1.824,0.17,-0.10698226322894856
327,3.5246405601501465,C5,744.0,[ 19.103  21.715 130.574],  G,535.0,CZ,3628.0,[ 18.324  22.674 133.875],PHE,261.0,CA,0.0225,1.9080000000000001,0.086,CB,0.1744,1.9080000000000001,0.086,-0.053630876187654254
328,3.9597132205963135,C6,745.0,[ 20.51   21.99  130.645],  G,535.0,CZ,3628.0,[ 18.324  22.674 133.875],PHE,261.0,CA,0.0225,1.9080000000000001,0.086,C,0.47700000000000004,1.9080000000000001,0.086,-0.08191204086424025
329,4.704718589782715,O6,746.0,[ 21.454  21.206 130.684],  G,535.0,CZ,3628.0,[ 18.324  22.674 133.875],PHE,261.0,CA,0.0225,1.9080000000000001,0.086,O,-0.5597,1.6612,0.21,-0.046924978823463165
330,4.078113079071045,N1,747.0,[ 20.77   23.361 130.685],  G,535.0,CZ,3628.0,[ 18.324  22.674 133.875],PHE,261.0,CA,0.0225,1.9080000000000001,0.086,'NA',-0.1363,1.824,0.17,-0.10050811993323827
331,3.917041540145874,C2,748.0,[ 19.82   24.361 130.672],  G,535.0,CZ,3628.0,[ 18.324  22.674 133.875],PHE,261.0,CA,0.0225,1.9080000000000001,0.086,CA,0.7657,1.9080000000000001,0.086,-0.0830658003047732
332,4.712656497955322,N2,749.0,[ 20.281  25.629 130.769],  G,535.0,CZ,3628.0,[ 18.324  22.674 133.875],PHE,261.0,CA,0.0225,1.9080000000000001,0.086,N2,-0.0944,1.824,0.17,-0.05238351972312457
333,3.6046555042266846,N3,750.0,[ 18.524  24.14  130.588],  G,535.0,CZ,3628.0,[ 18.324  22.674 133.875],PHE,261.0,CA,0.0225,1.9080000000000001,0.086,NC,-0.6323,1.84,0.17,-0.11360547333813366
334,3.3276941776275635,C4,751.0,[ 18.227  22.797 130.551],  G,535.0,CZ,3628.0,[ 18.324  22.674 133.875],PHE,261.0,CA,0.0225,1.9080000000000001,0.086,CB,0.1222,1.9080000000000001,0.086,0.0
335,4.850978374481201,O6,746.0,[ 21.454  21.206 130.684],  G,535.0,N,3796.0,[ 24.144  21.735 126.682],HIS,283.0,N,-0.1438,1.824,0.17,O,-0.5597,1.6612,0.21,-0.04497628786909396
336,4.966949939727783,C6,745.0,[ 20.51   21.99  130.645],  G,535.0,CA,3797.0,[ 22.738  21.85  126.208],HIS,283.0,CT,0.0779,1.9080000000000001,0.1094,C,0.47700000000000004,1.9080000000000001,0.086,-0.0342852081719125
337,4.70085334777832,O6,746.0,[ 21.454  21.206 130.684],  G,535.0,CA,3797.0,[ 22.738  21.85  126.208],HIS,283.0,CT,0.0779,1.9080000000000001,0.1094,O,-0.5597,1.6612,0.21,-0.05448778353556855
338,4.804912567138672,N7,743.0,[ 18.399  20.498 130.509],  G,535.0,CB,3800.0,[ 21.853  21.882 127.469],HIS,283.0,CT,0.066,1.9080000000000001,0.1094,NB,-0.5709,1.824,0.17,-0.05494090324456886
339,4.151076316833496,C5,744.0,[ 19.103  21.715 130.574],  G,535.0,CB,3800.0,[ 21.853  21.882 127.469],HIS,283.0,CT,0.066,1.9080000000000001,0.1094,CB,0.1744,1.9080000000000001,0.086,-0.08108073742451447
340,3.449971914291382,C6,745.0,[ 20.51   21.99  130.645],  G,535.0,CB,3800.0,[ 21.853  21.882 127.469],HIS,283.0,CT,0.066,1.9080000000000001,0.1094,C,0.47700000000000004,1.9080000000000001,0.086,-0.027323027461451703
341,3.3094451427459717,O6,746.0,[ 21.454  21.206 130.684],  G,535.0,CB,3800.0,[ 21.853  21.882 127.469],HIS,283.0,CT,0.066,1.9080000000000001,0.1094,O,-0.5597,1.6612,0.21,-0.10507497174684288
342,3.7017507553100586,N1,747.0,[ 20.77   23.361 130.685],  G,535.0,CB,3800.0,[ 21.853  21.882 127.469],HIS,283.0,CT,0.066,1.9080000000000001,0.1094,'NA',-0.1363,1.824,0.17,-0.13668945792376666
343,4.531855583190918,C2,748.0,[ 19.82   24.361 130.672],  G,535.0,CB,3800.0,[ 21.853  21.882 127.469],HIS,283.0,CT,0.066,1.9080000000000001,0.1094,CA,0.7657,1.9080000000000001,0.086,-0.05436385300938549
344,4.846007823944092,C4,751.0,[ 18.227  22.797 130.551],  G,535.0,CB,3800.0,[ 21.853  21.882 127.469],HIS,283.0,CT,0.066,1.9080000000000001,0.1094,CB,0.1222,1.9080000000000001,0.086,-0.040395097689611574
345,4.789838790893555,N9,741.0,[ 16.944  22.234 130.506],  G,535.0,CG,3801.0,[ 20.386  21.87  127.195],HIS,283.0,CC,0.1868,1.9080000000000001,0.086,N*,0.0492,1.824,0.17,-0.047650923342650066
346,4.728917598724365,C8,742.0,[ 17.13   20.846 130.468],  G,535.0,CG,3801.0,[ 20.386  21.87  127.195],HIS,283.0,CC,0.1868,1.9080000000000001,0.086,CK,0.3014,1.9080000000000001,0.086,-0.03841671219484102
347,4.100386619567871,N7,743.0,[ 18.399  20.498 130.509],  G,535.0,CG,3801.0,[ 20.386  21.87  127.195],HIS,283.0,CC,0.1868,1.9080000000000001,0.086,NB,-0.5709,1.824,0.17,-0.10473895430560493
348,3.6177051067352295,C5,744.0,[ 19.103  21.715 130.574],  G,535.0,CG,3801.0,[ 20.386  21.87  127.195],HIS,283.0,CC,0.1868,1.9080000000000001,0.086,CB,0.1744,1.9080000000000001,0.086,-0.07126359447342213
349,3.454317092895508,C6,745.0,[ 20.51   21.99  130.645],  G,535.0,CG,3801.0,[ 20.386  21.87  127.195],HIS,283.0,CC,0.1868,1.9080000000000001,0.086,C,0.47700000000000004,1.9080000000000001,0.086,-0.02105672731218168
350,3.708731174468994,O6,746.0,[ 21.454  21.206 130.684],  G,535.0,CG,3801.0,[ 20.386  21.87  127.195],HIS,283.0,CC,0.1868,1.9080000000000001,0.086,O,-0.5597,1.6612,0.21,-0.13631137537967325
351,3.8145275115966797,N1,747.0,[ 20.77   23.361 130.685],  G,535.0,CG,3801.0,[ 20.386  21.87  127.195],HIS,283.0,CC,0.1868,1.9080000000000001,0.086,'NA',-0.1363,1.824,0.17,-0.12083405049065081
352,4.314504146575928,C2,748.0,[ 19.82   24.361 130.672],  G,535.0,CG,3801.0,[ 20.386  21.87  127.195],HIS,283.0,CC,0.1868,1.9080000000000001,0.086,CA,0.7657,1.9080000000000001,0.086,-0.05494556438838003
353,4.486910820007324,N3,750.0,[ 18.524  24.14  130.588],  G,535.0,CG,3801.0,[ 20.386  21.87  127.195],HIS,283.0,CC,0.1868,1.9080000000000001,0.086,NC,-0.6323,1.84,0.17,-0.07406452891543765
354,4.096744537353516,C4,751.0,[ 18.227  22.797 130.551],  G,535.0,CG,3801.0,[ 20.386  21.87  127.195],HIS,283.0,CC,0.1868,1.9080000000000001,0.086,CB,0.1222,1.9080000000000001,0.086,-0.07429403409302521
355,4.7540788650512695,N9,741.0,[ 16.944  22.234 130.506],  G,535.0,ND1,3802.0,[ 19.7    22.976 126.704],HIS,283.0,NB,-0.5432,1.824,0.17,N*,0.0492,1.824,0.17,-0.06350596926627639
356,4.723464488983154,N7,743.0,[ 18.399  20.498 130.509],  G,535.0,ND1,3802.0,[ 19.7    22.976 126.704],HIS,283.0,NB,-0.5432,1.824,0.17,NB,-0.5709,1.824,0.17,-0.05059619344723926
357,4.11381196975708,C5,744.0,[ 19.103  21.715 130.574],  G,535.0,ND1,3802.0,[ 19.7    22.976 126.704],HIS,283.0,NB,-0.5432,1.824,0.17,CB,0.1744,1.9080000000000001,0.086,-0.10282695944943449
358,4.142437934875488,C6,745.0,[ 20.51   21.99  130.645],  G,535.0,ND1,3802.0,[ 19.7    22.976 126.704],HIS,283.0,NB,-0.5432,1.824,0.17,C,0.47700000000000004,1.9080000000000001,0.086,-0.10983510883429748
359,4.695725917816162,O6,746.0,[ 21.454  21.206 130.684],  G,535.0,ND1,3802.0,[ 19.7    22.976 126.704],HIS,283.0,NB,-0.5432,1.824,0.17,O,-0.5597,1.6612,0.21,-0.04410217806113023
360,4.140223026275635,N1,747.0,[ 20.77   23.361 130.685],  G,535.0,ND1,3802.0,[ 19.7    22.976 126.704],HIS,283.0,NB,-0.5432,1.824,0.17,'NA',-0.1363,1.824,0.17,-0.11755511467448604
361,4.204474449157715,C2,748.0,[ 19.82   24.361 130.672],  G,535.0,ND1,3802.0,[ 19.7    22.976 126.704],HIS,283.0,NB,-0.5432,1.824,0.17,CA,0.7657,1.9080000000000001,0.086,-0.11287858769892618
362,4.888778209686279,N2,749.0,[ 20.281  25.629 130.769],  G,535.0,ND1,3802.0,[ 19.7    22.976 126.704],HIS,283.0,NB,-0.5432,1.824,0.17,N2,-0.0944,1.824,0.17,-0.05148369363497405
363,4.221763610839844,N3,750.0,[ 18.524  24.14  130.588],  G,535.0,ND1,3802.0,[ 19.7    22.976 126.704],HIS,283.0,NB,-0.5432,1.824,0.17,NC,-0.6323,1.84,0.17,-0.09497888418468149
364,4.123241901397705,C4,751.0,[ 18.227  22.797 130.551],  G,535.0,ND1,3802.0,[ 19.7    22.976 126.704],HIS,283.0,NB,-0.5432,1.824,0.17,CB,0.1222,1.9080000000000001,0.086,-0.10031257241463926
365,4.643599987030029,O4',758.0,[ 16.268  25.619 125.031],  U,536.0,ND1,3802.0,[ 19.7    22.976 126.704],HIS,283.0,NB,-0.5432,1.824,0.17,OS,-0.3548,1.6837,0.17,-0.048360735955431985
366,4.981943607330322,N1,764.0,[ 16.585  24.337 123.062],  U,536.0,ND1,3802.0,[ 19.7    22.976 126.704],HIS,283.0,NB,-0.5432,1.824,0.17,N*,0.0418,1.824,0.17,-0.04928549319185205
367,4.688323020935059,C6,771.0,[ 16.148  23.183 123.651],  U,536.0,ND1,3802.0,[ 19.7    22.976 126.704],HIS,283.0,NB,-0.5432,1.824,0.17,CM,0.1062,1.9080000000000001,0.086,-0.056322632964928177
368,4.306800842285156,N9,741.0,[ 16.944  22.234 130.506],  G,535.0,CD2,3803.0,[ 19.475  20.871 127.299],HIS,283.0,CW,-0.0345,1.9080000000000001,0.086,N*,0.0492,1.824,0.17,-0.08080094124647441
369,3.9423608779907227,C8,742.0,[ 17.13   20.846 130.468],  G,535.0,CD2,3803.0,[ 19.475  20.871 127.299],HIS,283.0,CW,-0.0345,1.9080000000000001,0.086,CK,0.3014,1.9080000000000001,0.086,-0.08395811262370591
370,3.406024217605591,N7,743.0,[ 18.399  20.498 130.509],  G,535.0,CD2,3803.0,[ 19.475  20.871 127.299],HIS,283.0,CW,-0.0345,1.9080000000000001,0.086,NB,-0.5709,1.824,0.17,-0.054698225838355166
371,3.4024040699005127,C5,744.0,[ 19.103  21.715 130.574],  G,535.0,CD2,3803.0,[ 19.475  20.871 127.299],HIS,283.0,CW,-0.0345,1.9080000000000001,0.086,CB,0.1744,1.9080000000000001,0.086,-0.0021673188642576807
372,3.6768336296081543,C6,745.0,[ 20.51   21.99  130.645],  G,535.0,CD2,3803.0,[ 19.475  20.871 127.299],HIS,283.0,CW,-0.0345,1.9080000000000001,0.086,C,0.47700000000000004,1.9080000000000001,0.086,-0.08185510144811868
373,3.935340642929077,O6,746.0,[ 21.454  21.206 130.684],  G,535.0,CD2,3803.0,[ 19.475  20.871 127.299],HIS,283.0,CW,-0.0345,1.9080000000000001,0.086,O,-0.5597,1.6612,0.21,-0.10671778675425043
374,4.397963047027588,N1,747.0,[ 20.77   23.361 130.685],  G,535.0,CD2,3803.0,[ 19.475  20.871 127.299],HIS,283.0,CW,-0.0345,1.9080000000000001,0.086,'NA',-0.1363,1.824,0.17,-0.07319180125783041
375,4.865820407867432,C2,748.0,[ 19.82   24.361 130.672],  G,535.0,CD2,3803.0,[ 19.475  20.871 127.299],HIS,283.0,CW,-0.0345,1.9080000000000001,0.086,CA,0.7657,1.9080000000000001,0.086,-0.03647746425725608
376,4.733734130859375,N3,750.0,[ 18.524  24.14  130.588],  G,535.0,CD2,3803.0,[ 19.475  20.871 127.299],HIS,283.0,CW,-0.0345,1.9080000000000001,0.086,NC,-0.6323,1.84,0.17,-0.051264662979201084
377,3.980255365371704,C4,751.0,[ 18.227  22.797 130.551],  G,535.0,CD2,3803.0,[ 19.475  20.871 127.299],HIS,283.0,CW,-0.0345,1.9080000000000001,0.086,CB,0.1222,1.9080000000000001,0.086,-0.08197318414370358
379,4.322732925415039,C3',736.0,[ 14.674  22.104 128.586],  G,535.0,CE1,3804.0,[ 18.43   22.642 126.515],HIS,283.0,CR,0.307,1.9080000000000001,0.086,CT,0.2637,1.9080000000000001,0.1094,-0.06575219314100117
380,4.537129878997803,O3',737.0,[ 14.009  21.992 127.301],  G,535.0,CE1,3804.0,[ 18.43   22.642 126.515],HIS,283.0,CR,0.307,1.9080000000000001,0.086,OS,-0.5246,1.6837,0.17,-0.060014046349931745
381,4.1705193519592285,C2',738.0,[ 15.244  23.421 129.091],  G,535.0,CE1,3804.0,[ 18.43   22.642 126.515],HIS,283.0,CR,0.307,1.9080000000000001,0.086,CT,0.1642,1.9080000000000001,0.1094,-0.07754007913027842
382,4.861572742462158,C1',740.0,[ 15.669  22.982 130.502],  G,535.0,CE1,3804.0,[ 18.43   22.642 126.515],HIS,283.0,CR,0.307,1.9080000000000001,0.086,CT,0.2197,1.9080000000000001,0.1094,-0.037211523948849155
383,4.278167724609375,N9,741.0,[ 16.944  22.234 130.506],  G,535.0,CE1,3804.0,[ 18.43   22.642 126.515],HIS,283.0,CR,0.307,1.9080000000000001,0.086,N*,0.0492,1.824,0.17,-0.08225879612085443
384,4.53231143951416,C8,742.0,[ 17.13   20.846 130.468],  G,535.0,CE1,3804.0,[ 18.43   22.642 126.515],HIS,283.0,CR,0.307,1.9080000000000001,0.086,CK,0.3014,1.9080000000000001,0.086,-0.04585383456089759
385,4.533185005187988,N7,743.0,[ 18.399  20.498 130.509],  G,535.0,CE1,3804.0,[ 18.43   22.642 126.515],HIS,283.0,CR,0.307,1.9080000000000001,0.086,NB,-0.5709,1.824,0.17,-0.07209797848104967
386,4.217556476593018,C5,744.0,[ 19.103  21.715 130.574],  G,535.0,CE1,3804.0,[ 18.43   22.642 126.515],HIS,283.0,CR,0.307,1.9080000000000001,0.086,CB,0.1744,1.9080000000000001,0.086,-0.06546933481540178
387,4.669951438903809,C6,745.0,[ 20.51   21.99  130.645],  G,535.0,CE1,3804.0,[ 18.43   22.642 126.515],HIS,283.0,CR,0.307,1.9080000000000001,0.086,C,0.47700000000000004,1.9080000000000001,0.086,-0.03686760742521891
388,4.8354363441467285,N1,747.0,[ 20.77   23.361 130.685],  G,535.0,CE1,3804.0,[ 18.43   22.642 126.515],HIS,283.0,CR,0.307,1.9080000000000001,0.086,'NA',-0.1363,1.824,0.17,-0.04750169748492432
389,4.708257675170898,C2,748.0,[ 19.82   24.361 130.672],  G,535.0,CE1,3804.0,[ 18.43   22.642 126.515],HIS,283.0,CR,0.307,1.9080000000000001,0.086,CA,0.7657,1.9080000000000001,0.086,-0.03124065412936836
390,4.340754508972168,N3,750.0,[ 18.524  24.14  130.588],  G,535.0,CE1,3804.0,[ 18.43   22.642 126.515],HIS,283.0,CR,0.307,1.9080000000000001,0.086,NC,-0.6323,1.84,0.17,-0.0897491388853946
391,4.044068813323975,C4,751.0,[ 18.227  22.797 130.551],  G,535.0,CE1,3804.0,[ 18.43   22.642 126.515],HIS,283.0,CR,0.307,1.9080000000000001,0.086,CB,0.1222,1.9080000000000001,0.086,-0.07626721086202425
392,4.390557765960693,O5',755.0,[ 14.342  24.208 126.179],  U,536.0,CE1,3804.0,[ 18.43   22.642 126.515],HIS,283.0,CR,0.307,1.9080000000000001,0.086,OS,-0.4989,1.6837,0.17,-0.0695597373756801
393,3.9672446250915527,O4',758.0,[ 16.268  25.619 125.031],  U,536.0,CE1,3804.0,[ 18.43   22.642 126.515],HIS,283.0,CR,0.307,1.9080000000000001,0.086,OS,-0.3548,1.6837,0.17,-0.10341829087817027
394,4.585862636566162,C1',763.0,[ 16.53   25.679 123.652],  U,536.0,CE1,3804.0,[ 18.43   22.642 126.515],HIS,283.0,CR,0.307,1.9080000000000001,0.086,CT,0.2498,1.9080000000000001,0.1094,-0.050066553603932785
395,4.266179084777832,N1,764.0,[ 16.585  24.337 123.062],  U,536.0,CE1,3804.0,[ 18.43   22.642 126.515],HIS,283.0,CR,0.307,1.9080000000000001,0.086,N*,0.0418,1.824,0.17,-0.08338428914917215
396,4.101783752441406,C5,770.0,[ 16.314  21.97  123.066],  U,536.0,CE1,3804.0,[ 18.43   22.642 126.515],HIS,283.0,CR,0.307,1.9080000000000001,0.086,CM,-0.1824,1.9080000000000001,0.086,-0.07869407111093246
397,3.701714515686035,C6,771.0,[ 16.148  23.183 123.651],  U,536.0,CE1,3804.0,[ 18.43   22.642 126.515],HIS,283.0,CR,0.307,1.9080000000000001,0.086,CM,0.1062,1.9080000000000001,0.086,-0.08017576765306669
399,4.050271511077881,C3',736.0,[ 14.674  22.104 128.586],  G,535.0,NE2,3805.0,[ 18.268  21.374 126.867],HIS,283.0,,0.0544,1.824,0.17,CT,0.2637,1.9080000000000001,0.1094,-0.11496870273975417
400,4.325432300567627,O3',737.0,[ 14.009  21.992 127.301],  G,535.0,NE2,3805.0,[ 18.268  21.374 126.867],HIS,283.0,,0.0544,1.824,0.17,OS,-0.5246,1.6837,0.17,-0.08447562738283051
401,4.275626182556152,C2',738.0,[ 15.244  23.421 129.091],  G,535.0,NE2,3805.0,[ 18.268  21.374 126.867],HIS,283.0,,0.0544,1.824,0.17,CT,0.1642,1.9080000000000001,0.1094,-0.09345925756772192
402,4.7490739822387695,C1',740.0,[ 15.669  22.982 130.502],  G,535.0,NE2,3805.0,[ 18.268  21.374 126.867],HIS,283.0,,0.0544,1.824,0.17,CT,0.2197,1.9080000000000001,0.1094,-0.05613969611967629
403,3.9667232036590576,N9,741.0,[ 16.944  22.234 130.506],  G,535.0,NE2,3805.0,[ 18.268  21.374 126.867],HIS,283.0,,0.0544,1.824,0.17,N*,0.0492,1.824,0.17,-0.14330232578476595
404,3.8132755756378174,C8,742.0,[ 17.13   20.846 130.468],  G,535.0,NE2,3805.0,[ 18.268  21.374 126.867],HIS,283.0,,0.0544,1.824,0.17,CK,0.3014,1.9080000000000001,0.086,-0.11800772574962685
405,3.7481656074523926,N7,743.0,[ 18.399  20.498 130.509],  G,535.0,NE2,3805.0,[ 18.268  21.374 126.867],HIS,283.0,,0.0544,1.824,0.17,NB,-0.5709,1.824,0.17,-0.1683854000745195
406,3.8151564598083496,C5,744.0,[ 19.103  21.715 130.574],  G,535.0,NE2,3805.0,[ 18.268  21.374 126.867],HIS,283.0,,0.0544,1.824,0.17,CB,0.1744,1.9080000000000001,0.086,-0.11840654894907787
407,4.436142921447754,C6,745.0,[ 20.51   21.99  130.645],  G,535.0,NE2,3805.0,[ 18.268  21.374 126.867],HIS,283.0,,0.0544,1.824,0.17,C,0.47700000000000004,1.9080000000000001,0.086,-0.06921373299292859
408,4.9747748374938965,O6,746.0,[ 21.454  21.206 130.684],  G,535.0,NE2,3805.0,[ 18.268  21.374 126.867],HIS,283.0,,0.0544,1.824,0.17,O,-0.5597,1.6612,0.21,-0.043266778492361116
409,4.978484153747559,N1,747.0,[ 20.77   23.361 130.685],  G,535.0,NE2,3805.0,[ 18.268  21.374 126.867],HIS,283.0,,0.0544,1.824,0.17,'NA',-0.1363,1.824,0.17,-0.04885490571695929
410,4.6435041427612305,N3,750.0,[ 18.524  24.14  130.588],  G,535.0,NE2,3805.0,[ 18.268  21.374 126.867],HIS,283.0,,0.0544,1.824,0.17,NC,-0.6323,1.84,0.17,-0.07375328604633427
411,3.9494876861572266,C4,751.0,[ 18.227  22.797 130.551],  G,535.0,NE2,3805.0,[ 18.268  21.374 126.867],HIS,283.0,,0.0544,1.824,0.17,CB,0.1222,1.9080000000000001,0.086,-0.11044945450015782
412,4.890640735626221,O5',755.0,[ 14.342  24.208 126.179],  U,536.0,NE2,3805.0,[ 18.268  21.374 126.867],HIS,283.0,,0.0544,1.824,0.17,OS,-0.4989,1.6837,0.17,-0.04426729927689108
413,4.3151936531066895,C5,770.0,[ 16.314  21.97  123.066],  U,536.0,NE2,3805.0,[ 18.268  21.374 126.867],HIS,283.0,,0.0544,1.824,0.17,CM,-0.1824,1.9080000000000001,0.086,-0.0805537833627999
414,4.255526542663574,C6,771.0,[ 16.148  23.183 123.651],  U,536.0,NE2,3805.0,[ 18.268  21.374 126.867],HIS,283.0,,0.0544,1.824,0.17,CM,0.1062,1.9080000000000001,0.086,-0.08466869138859077
416,4.868872165679932,N1,764.0,[ 16.585  24.337 123.062],  U,536.0,CA,3807.0,[ 21.439  24.227 123.426],PRO,284.0,CT,0.0375,1.9080000000000001,0.1094,N*,0.0418,1.824,0.17,-0.04963976073818401
417,4.562408447265625,C2,765.0,[ 17.176  24.318 121.803],  U,536.0,CA,3807.0,[ 21.439  24.227 123.426],PRO,284.0,CT,0.0375,1.9080000000000001,0.1094,C,0.4687,1.9080000000000001,0.086,-0.05420252052351746
418,4.586336135864258,O2,766.0,[ 17.535  25.311 121.277],  U,536.0,CA,3807.0,[ 21.439  24.227 123.426],PRO,284.0,CT,0.0375,1.9080000000000001,0.1094,O,-0.5477,1.6612,0.21,-0.06083764087984991
419,4.7838850021362305,N3,767.0,[ 17.34   23.1   121.232],  U,536.0,CA,3807.0,[ 21.439  24.227 123.426],PRO,284.0,CT,0.0375,1.9080000000000001,0.1094,'NA',-0.0395,1.824,0.17,-0.054615076511068755
420,4.981125354766846,O4',758.0,[ 16.268  25.619 125.031],  U,536.0,C,3808.0,[ 21.179  25.529 124.203],PRO,284.0,C,0.5896,1.9080000000000001,0.086,OS,-0.3548,1.6837,0.17,-0.040031592230745164
421,4.68394136428833,C1',763.0,[ 16.53   25.679 123.652],  U,536.0,C,3808.0,[ 21.179  25.529 124.203],PRO,284.0,C,0.5896,1.9080000000000001,0.086,CT,0.2498,1.9080000000000001,0.1094,-0.04171799449797438
422,4.881353378295898,N1,764.0,[ 16.585  24.337 123.062],  U,536.0,C,3808.0,[ 21.179  25.529 124.203],PRO,284.0,C,0.5896,1.9080000000000001,0.086,N*,0.0418,1.824,0.17,-0.04243907613813275
423,4.82188081741333,C2,765.0,[ 17.176  24.318 121.803],  U,536.0,C,3808.0,[ 21.179  25.529 124.203],PRO,284.0,C,0.5896,1.9080000000000001,0.086,C,0.4687,1.9080000000000001,0.086,-0.025179206308631925
424,4.678435325622559,O2,766.0,[ 17.535  25.311 121.277],  U,536.0,C,3808.0,[ 21.179  25.529 124.203],PRO,284.0,C,0.5896,1.9080000000000001,0.086,O,-0.5477,1.6612,0.21,-0.06252165736053372
425,4.921955585479736,O4',758.0,[ 16.268  25.619 125.031],  U,536.0,CB,3810.0,[ 20.174  23.825 122.633],PRO,284.0,CT,0.0436,1.9080000000000001,0.1094,OS,-0.3548,1.6837,0.17,-0.03871394703855792
426,4.213597297668457,C1',763.0,[ 16.53   25.679 123.652],  U,536.0,CB,3810.0,[ 20.174  23.825 122.633],PRO,284.0,CT,0.0436,1.9080000000000001,0.1094,CT,0.2498,1.9080000000000001,0.1094,-0.08680374463874241
427,3.6506307125091553,N1,764.0,[ 16.585  24.337 123.062],  U,536.0,CB,3810.0,[ 20.174  23.825 122.633],PRO,284.0,CT,0.0436,1.9080000000000001,0.1094,N*,0.0418,1.824,0.17,-0.13351061005219864
428,3.1495954990386963,C2,765.0,[ 17.176  24.318 121.803],  U,536.0,CB,3810.0,[ 20.174  23.825 122.633],PRO,284.0,CT,0.0436,1.9080000000000001,0.1094,C,0.4687,1.9080000000000001,0.086,0.0
429,3.318321943283081,O2,766.0,[ 17.535  25.311 121.277],  U,536.0,CB,3810.0,[ 20.174  23.825 122.633],PRO,284.0,CT,0.0436,1.9080000000000001,0.1094,O,-0.5477,1.6612,0.21,-0.1081379539516771
430,3.243452310562134,N3,767.0,[ 17.34   23.1   121.232],  U,536.0,CB,3810.0,[ 20.174  23.825 122.633],PRO,284.0,CT,0.0436,1.9080000000000001,0.1094,'NA',-0.0395,1.824,0.17,0.0
431,3.844674825668335,C4,768.0,[ 16.971  21.877 121.78 ],  U,536.0,CB,3810.0,[ 20.174  23.825 122.633],PRO,284.0,CT,0.0436,1.9080000000000001,0.1094,C,0.5952,1.9080000000000001,0.086,-0.09505415246482242
432,4.380715847015381,O4,769.0,[ 17.314  20.834 121.196],  U,536.0,CB,3810.0,[ 20.174  23.825 122.633],PRO,284.0,CT,0.0436,1.9080000000000001,0.1094,O,-0.5761,1.6612,0.21,-0.0770146132132646
433,4.3044304847717285,C5,770.0,[ 16.314  21.97  123.066],  U,536.0,CB,3810.0,[ 20.174  23.825 122.633],PRO,284.0,CT,0.0436,1.9080000000000001,0.1094,CM,-0.1824,1.9080000000000001,0.086,-0.07174634398615681
434,4.2020416259765625,C6,771.0,[ 16.148  23.183 123.651],  U,536.0,CB,3810.0,[ 20.174  23.825 122.633],PRO,284.0,CT,0.0436,1.9080000000000001,0.1094,CM,0.1062,1.9080000000000001,0.086,-0.07803310617626466
435,4.37696647644043,N1,764.0,[ 16.585  24.337 123.062],  U,536.0,CG,3811.0,[ 20.386  22.266 122.413],PRO,284.0,CT,0.0615,1.9080000000000001,0.1094,N*,0.0418,1.824,0.17,-0.0845336741863651
436,3.858354330062866,C2,765.0,[ 17.176  24.318 121.803],  U,536.0,CG,3811.0,[ 20.386  22.266 122.413],PRO,284.0,CT,0.0615,1.9080000000000001,0.1094,C,0.4687,1.9080000000000001,0.086,-0.094662312588369
437,4.323276996612549,O2,766.0,[ 17.535  25.311 121.277],  U,536.0,CG,3811.0,[ 20.386  22.266 122.413],PRO,284.0,CT,0.0615,1.9080000000000001,0.1094,O,-0.5477,1.6612,0.21,-0.08258995472475332
438,3.3717100620269775,N3,767.0,[ 17.34   23.1   121.232],  U,536.0,CG,3811.0,[ 20.386  22.266 122.413],PRO,284.0,CT,0.0615,1.9080000000000001,0.1094,'NA',-0.0395,1.824,0.17,-0.0406235207243754
439,3.494886636734009,C4,768.0,[ 16.971  21.877 121.78 ],  U,536.0,CG,3811.0,[ 20.386  22.266 122.413],PRO,284.0,CT,0.0615,1.9080000000000001,0.1094,C,0.5952,1.9080000000000001,0.086,-0.04721017676301399
440,3.6012372970581055,O4,769.0,[ 17.314  20.834 121.196],  U,536.0,CG,3811.0,[ 20.386  22.266 122.413],PRO,284.0,CT,0.0615,1.9080000000000001,0.1094,O,-0.5761,1.6612,0.21,-0.15389062266402048
441,4.134635925292969,C5,770.0,[ 16.314  21.97  123.066],  U,536.0,CG,3811.0,[ 20.386  22.266 122.413],PRO,284.0,CT,0.0615,1.9080000000000001,0.1094,CM,-0.1824,1.9080000000000001,0.086,-0.08350292943549928
442,4.509342193603516,C6,771.0,[ 16.148  23.183 123.651],  U,536.0,CG,3811.0,[ 20.386  22.266 122.413],PRO,284.0,CT,0.0615,1.9080000000000001,0.1094,CM,0.1062,1.9080000000000001,0.086,-0.0578417669235435
443,4.969604015350342,C2,765.0,[ 17.176  24.318 121.803],  U,536.0,CD,3812.0,[ 20.974  21.856 123.855],PRO,284.0,CT,0.0974,1.9080000000000001,0.1094,C,0.4687,1.9080000000000001,0.086,-0.03384147335262983
444,4.651196479797363,N3,767.0,[ 17.34   23.1   121.232],  U,536.0,CD,3812.0,[ 20.974  21.856 123.855],PRO,284.0,CT,0.0974,1.9080000000000001,0.1094,'NA',-0.0395,1.824,0.17,-0.06324914397159011
445,4.5088911056518555,C4,768.0,[ 16.971  21.877 121.78 ],  U,536.0,CD,3812.0,[ 20.974  21.856 123.855],PRO,284.0,CT,0.0974,1.9080000000000001,0.1094,C,0.5952,1.9080000000000001,0.086,-0.05533846816451072
446,4.637930870056152,O4,769.0,[ 17.314  20.834 121.196],  U,536.0,CD,3812.0,[ 20.974  21.856 123.855],PRO,284.0,CT,0.0974,1.9080000000000001,0.1094,O,-0.5761,1.6612,0.21,-0.059037778163483594
447,4.727698802947998,C5,770.0,[ 16.314  21.97  123.066],  U,536.0,CD,3812.0,[ 20.974  21.856 123.855],PRO,284.0,CT,0.0974,1.9080000000000001,0.1094,CM,-0.1824,1.9080000000000001,0.086,-0.04702353348462727
448,4.165956497192383,O4',758.0,[ 16.268  25.619 125.031],  U,536.0,N,3813.0,[ 20.421  25.467 125.322],MET,285.0,N,-0.1438,1.824,0.17,OS,-0.3548,1.6837,0.17,-0.09662625251522071
449,4.239541530609131,C1',763.0,[ 16.53   25.679 123.652],  U,536.0,N,3813.0,[ 20.421  25.467 125.322],MET,285.0,N,-0.1438,1.824,0.17,CT,0.2498,1.9080000000000001,0.1094,-0.09938353503657617
450,4.593409061431885,N1,764.0,[ 16.585  24.337 123.062],  U,536.0,N,3813.0,[ 20.421  25.467 125.322],MET,285.0,N,-0.1438,1.824,0.17,N*,0.0418,1.824,0.17,-0.07489183099916784
451,4.922759056091309,C2,765.0,[ 17.176  24.318 121.803],  U,536.0,N,3813.0,[ 20.421  25.467 125.322],MET,285.0,N,-0.1438,1.824,0.17,C,0.4687,1.9080000000000001,0.086,-0.044332839839752294
452,4.971452236175537,O2,766.0,[ 17.535  25.311 121.277],  U,536.0,N,3813.0,[ 20.421  25.467 125.322],MET,285.0,N,-0.1438,1.824,0.17,O,-0.5477,1.6612,0.21,-0.039008031374224296
453,4.817999362945557,N2,749.0,[ 20.281  25.629 130.769],  G,535.0,CA,3814.0,[ 20.121  26.69  126.072],MET,285.0,CT,0.0643,1.9080000000000001,0.1094,N2,-0.0944,1.824,0.17,-0.05281211118092646
454,4.132352352142334,O4',758.0,[ 16.268  25.619 125.031],  U,536.0,CA,3814.0,[ 20.121  26.69  126.072],MET,285.0,CT,0.0643,1.9080000000000001,0.1094,OS,-0.3548,1.6837,0.17,-0.09357913180941389
455,4.446772575378418,C1',763.0,[ 16.53   25.679 123.652],  U,536.0,CA,3814.0,[ 20.121  26.69  126.072],MET,285.0,CT,0.0643,1.9080000000000001,0.1094,CT,0.2498,1.9080000000000001,0.1094,-0.06912158960979552
457,4.590606689453125,N2,749.0,[ 20.281  25.629 130.769],  G,535.0,C,3815.0,[ 21.366  27.336 126.648],MET,285.0,C,0.5973,1.9080000000000001,0.086,N2,-0.0944,1.824,0.17,-0.06241106196526968
460,4.93317174911499,N1,747.0,[ 20.77   23.361 130.685],  G,535.0,CB,3817.0,[ 19.107  26.399 127.172],MET,285.0,CT,0.0824,1.9080000000000001,0.1094,'NA',-0.1363,1.824,0.17,-0.046797099170590245
461,4.112397193908691,C2,748.0,[ 19.82   24.361 130.672],  G,535.0,CB,3817.0,[ 19.107  26.399 127.172],MET,285.0,CT,0.0824,1.9080000000000001,0.1094,CA,0.7657,1.9080000000000001,0.086,-0.08058203142206552
462,3.861293315887451,N2,749.0,[ 20.281  25.629 130.769],  G,535.0,CB,3817.0,[ 19.107  26.399 127.172],MET,285.0,CT,0.0824,1.9080000000000001,0.1094,N2,-0.0944,1.824,0.17,-0.13223781717230537
463,4.136669158935547,N3,750.0,[ 18.524  24.14  130.588],  G,535.0,CB,3817.0,[ 19.107  26.399 127.172],MET,285.0,CT,0.0824,1.9080000000000001,0.1094,NC,-0.6323,1.84,0.17,-0.11219638764496695
464,4.9698805809021,C5',756.0,[ 14.261  25.6   126.412],  U,536.0,CB,3817.0,[ 19.107  26.399 127.172],MET,285.0,CT,0.0824,1.9080000000000001,0.1094,CT,0.1916,1.9080000000000001,0.1094,-0.03960254711640625
465,4.516002655029297,C4',757.0,[ 14.996  26.308 125.305],  U,536.0,CB,3817.0,[ 19.107  26.399 127.172],MET,285.0,CT,0.0824,1.9080000000000001,0.1094,CT,0.2239,1.9080000000000001,0.1094,-0.06424626557959598
466,3.640357494354248,O4',758.0,[ 16.268  25.619 125.031],  U,536.0,CB,3817.0,[ 19.107  26.399 127.172],MET,285.0,CT,0.0824,1.9080000000000001,0.1094,OS,-0.3548,1.6837,0.17,-0.13776011377292258
467,4.421504497528076,C1',763.0,[ 16.53   25.679 123.652],  U,536.0,CB,3817.0,[ 19.107  26.399 127.172],MET,285.0,CT,0.0824,1.9080000000000001,0.1094,CT,0.2498,1.9080000000000001,0.1094,-0.07068543734520392
469,4.681524276733398,C2,748.0,[ 19.82   24.361 130.672],  G,535.0,CG,3818.0,[ 18.458  27.686 127.671],MET,285.0,CT,0.0898,1.9080000000000001,0.1094,CA,0.7657,1.9080000000000001,0.086,-0.04541824416498656
470,4.141519546508789,N2,749.0,[ 20.281  25.629 130.769],  G,535.0,CG,3818.0,[ 18.458  27.686 127.671],MET,285.0,CT,0.0898,1.9080000000000001,0.1094,N2,-0.0944,1.824,0.17,-0.10743390523911144
471,4.592098712921143,N3,750.0,[ 18.524  24.14  130.588],  G,535.0,CG,3818.0,[ 18.458  27.686 127.671],MET,285.0,CT,0.0898,1.9080000000000001,0.1094,NC,-0.6323,1.84,0.17,-0.07140428281979232
472,4.852965831756592,C5',756.0,[ 14.261  25.6   126.412],  U,536.0,CG,3818.0,[ 18.458  27.686 127.671],MET,285.0,CT,0.0898,1.9080000000000001,0.1094,CT,0.1916,1.9080000000000001,0.1094,-0.04487624359782802
473,4.413872718811035,C4',757.0,[ 14.996  26.308 125.305],  U,536.0,CG,3818.0,[ 18.458  27.686 127.671],MET,285.0,CT,0.0898,1.9080000000000001,0.1094,CT,0.2239,1.9080000000000001,0.1094,-0.07125704499264535
474,4.0047712326049805,O4',758.0,[ 16.268  25.619 125.031],  U,536.0,CG,3818.0,[ 18.458  27.686 127.671],MET,285.0,CT,0.0898,1.9080000000000001,0.1094,OS,-0.3548,1.6837,0.17,-0.10699221500074863
475,4.888514041900635,C1',763.0,[ 16.53   25.679 123.652],  U,536.0,CG,3818.0,[ 18.458  27.686 127.671],MET,285.0,CT,0.0898,1.9080000000000001,0.1094,CT,0.2498,1.9080000000000001,0.1094,-0.04296477786104899
477,4.56390380859375,C2',738.0,[ 15.244  23.421 129.091],  G,535.0,SD,3819.0,[ 17.443  27.419 129.189],MET,285.0,S,-0.2737,2.0,0.25,CT,0.1642,1.9080000000000001,0.1094,-0.10684168160234092
478,4.4091668128967285,O2',739.0,[ 14.223  24.407 129.203],  G,535.0,SD,3819.0,[ 17.443  27.419 129.189],MET,285.0,S,-0.2737,2.0,0.25,OH,-0.1953,1.7209999999999999,0.2104,-0.13302611801500333
479,4.955605983734131,C1',740.0,[ 15.669  22.982 130.502],  G,535.0,SD,3819.0,[ 17.443  27.419 129.189],MET,285.0,S,-0.2737,2.0,0.25,CT,0.2197,1.9080000000000001,0.1094,-0.0724344274629258
480,4.147382736206055,C2,748.0,[ 19.82   24.361 130.672],  G,535.0,SD,3819.0,[ 17.443  27.419 129.189],MET,285.0,S,-0.2737,2.0,0.25,CA,0.7657,1.9080000000000001,0.086,-0.14561387706184395
481,3.7087395191192627,N2,749.0,[ 20.281  25.629 130.769],  G,535.0,SD,3819.0,[ 17.443  27.419 129.189],MET,285.0,S,-0.2737,2.0,0.25,N2,-0.0944,1.824,0.17,-0.1959006166414349
482,3.725267171859741,N3,750.0,[ 18.524  24.14  130.588],  G,535.0,SD,3819.0,[ 17.443  27.419 129.189],MET,285.0,S,-0.2737,2.0,0.25,NC,-0.6323,1.84,0.17,-0.18547010241219755
483,4.881862163543701,C4,751.0,[ 18.227  22.797 130.551],  G,535.0,SD,3819.0,[ 17.443  27.419 129.189],MET,285.0,S,-0.2737,2.0,0.25,CB,0.1222,1.9080000000000001,0.086,-0.06842179301685862
484,4.598432540893555,C5',756.0,[ 14.261  25.6   126.412],  U,536.0,SD,3819.0,[ 17.443  27.419 129.189],MET,285.0,S,-0.2737,2.0,0.25,CT,0.1916,1.9080000000000001,0.1094,-0.10362139680844387
485,4.723086833953857,C4',757.0,[ 14.996  26.308 125.305],  U,536.0,SD,3819.0,[ 17.443  27.419 129.189],MET,285.0,S,-0.2737,2.0,0.25,CT,0.2239,1.9080000000000001,0.1094,-0.09185714580262011
486,4.6807661056518555,O4',758.0,[ 16.268  25.619 125.031],  U,536.0,SD,3819.0,[ 17.443  27.419 129.189],MET,285.0,S,-0.2737,2.0,0.25,OS,-0.3548,1.6837,0.17,-0.08188717806110418
488,4.645941257476807,C3',736.0,[ 14.674  22.104 128.586],  G,535.0,CE,3820.0,[ 16.066  26.536 128.653],MET,285.0,CT,0.1516,1.9080000000000001,0.1094,CT,0.2637,1.9080000000000001,0.1094,-0.0550161235968647
489,3.251269578933716,C2',738.0,[ 15.244  23.421 129.091],  G,535.0,CE,3820.0,[ 16.066  26.536 128.653],MET,285.0,CT,0.1516,1.9080000000000001,0.1094,CT,0.1642,1.9080000000000001,0.1094,0.0
490,2.869110345840454,O2',739.0,[ 14.223  24.407 129.203],  G,535.0,CE,3820.0,[ 16.066  26.536 128.653],MET,285.0,CT,0.1516,1.9080000000000001,0.1094,OH,-0.1953,1.7209999999999999,0.2104,0.0
491,4.02583122253418,C1',740.0,[ 15.669  22.982 130.502],  G,535.0,CE,3820.0,[ 16.066  26.536 128.653],MET,285.0,CT,0.1516,1.9080000000000001,0.1094,CT,0.2197,1.9080000000000001,0.1094,-0.09908954962877706
492,4.7656779289245605,N9,741.0,[ 16.944  22.234 130.506],  G,535.0,CE,3820.0,[ 16.066  26.536 128.653],MET,285.0,CT,0.1516,1.9080000000000001,0.1094,N*,0.0492,1.824,0.17,-0.05532032648396575
493,4.785340785980225,C2,748.0,[ 19.82   24.361 130.672],  G,535.0,CE,3820.0,[ 16.066  26.536 128.653],MET,285.0,CT,0.1516,1.9080000000000001,0.1094,CA,0.7657,1.9080000000000001,0.086,-0.038401208373971873
494,4.802740573883057,N2,749.0,[ 20.281  25.629 130.769],  G,535.0,CE,3820.0,[ 16.066  26.536 128.653],MET,285.0,CT,0.1516,1.9080000000000001,0.1094,N2,-0.0944,1.824,0.17,-0.05405619341021249
495,3.9404056072235107,N3,750.0,[ 18.524  24.14  130.588],  G,535.0,CE,3820.0,[ 16.066  26.536 128.653],MET,285.0,CT,0.1516,1.9080000000000001,0.1094,NC,-0.6323,1.84,0.17,-0.1333678628545928
496,4.7172465324401855,C4,751.0,[ 18.227  22.797 130.551],  G,535.0,CE,3820.0,[ 16.066  26.536 128.653],MET,285.0,CT,0.1516,1.9080000000000001,0.1094,CB,0.1222,1.9080000000000001,0.086,-0.04591368518782721
497,4.807779788970947,P,752.0,[ 13.205  23.224 126.663],  U,536.0,CE,3820.0,[ 16.066  26.536 128.653],MET,285.0,CT,0.1516,1.9080000000000001,0.1094,P,1.1662,2.1,0.2,-0.07498651203233371
498,4.609200477600098,OP1,753.0,[ 12.373  23.97  127.642],  U,536.0,CE,3820.0,[ 16.066  26.536 128.653],MET,285.0,CT,0.1516,1.9080000000000001,0.1094,O2,-0.7759999999999999,1.6612,0.21,-0.06385233944242799
499,3.8095180988311768,O5',755.0,[ 14.342  24.208 126.179],  U,536.0,CE,3820.0,[ 16.066  26.536 128.653],MET,285.0,CT,0.1516,1.9080000000000001,0.1094,OS,-0.4989,1.6837,0.17,-0.12950741257713055
500,3.0259194374084473,C5',756.0,[ 14.261  25.6   126.412],  U,536.0,CE,3820.0,[ 16.066  26.536 128.653],MET,285.0,CT,0.1516,1.9080000000000001,0.1094,CT,0.1916,1.9080000000000001,0.1094,0.0
501,3.5222129821777344,C4',757.0,[ 14.996  26.308 125.305],  U,536.0,CE,3820.0,[ 16.066  26.536 128.653],MET,285.0,CT,0.1516,1.9080000000000001,0.1094,CT,0.2239,1.9080000000000001,0.1094,-0.06499321067914088
502,3.7417359352111816,O4',758.0,[ 16.268  25.619 125.031],  U,536.0,CE,3820.0,[ 16.066  26.536 128.653],MET,285.0,CT,0.1516,1.9080000000000001,0.1094,OS,-0.3548,1.6837,0.17,-0.13375180140382567
505,4.904767036437988,N1,747.0,[ 20.77   23.361 130.685],  G,535.0,N,3821.0,[ 22.271  26.552 127.276],ASP,286.0,N,-0.2227,1.824,0.17,'NA',-0.1363,1.824,0.17,-0.051423394037409115
506,4.726592063903809,C2,748.0,[ 19.82   24.361 130.672],  G,535.0,N,3821.0,[ 22.271  26.552 127.276],ASP,286.0,N,-0.2227,1.824,0.17,CA,0.7657,1.9080000000000001,0.086,-0.059129366873010354
507,4.124687671661377,N2,749.0,[ 20.281  25.629 130.769],  G,535.0,N,3821.0,[ 22.271  26.552 127.276],ASP,286.0,N,-0.2227,1.824,0.17,N2,-0.0944,1.824,0.17,-0.12255038385744924
508,4.698990821838379,N2,749.0,[ 20.281  25.629 130.769],  G,535.0,CA,3822.0,[ 23.536  27.196 127.764],ASP,286.0,CT,0.1261,1.9080000000000001,0.1094,N2,-0.0944,1.824,0.17,-0.06040129361122835
509,4.959691047668457,N1,747.0,[ 20.77   23.361 130.685],  G,535.0,CB,3825.0,[ 24.293  26.223 128.686],ASP,286.0,CT,-0.0059,1.9080000000000001,0.1094,'NA',-0.1363,1.824,0.17,-0.04498300309196881
510,4.5593671798706055,N2,749.0,[ 20.281  25.629 130.769],  G,535.0,CB,3825.0,[ 24.293  26.223 128.686],ASP,286.0,CT,-0.0059,1.9080000000000001,0.1094,N2,-0.0944,1.824,0.17,-0.06966952484241895
511,4.739556312561035,C6,745.0,[ 20.51   21.99  130.645],  G,535.0,CG,3826.0,[ 23.356  25.685 129.802],ASP,286.0,C,0.7994,1.9080000000000001,0.086,C,0.47700000000000004,1.9080000000000001,0.086,-0.023497883490460475
512,4.945399761199951,O6,746.0,[ 21.454  21.206 130.684],  G,535.0,CG,3826.0,[ 23.356  25.685 129.802],ASP,286.0,C,0.7994,1.9080000000000001,0.086,O,-0.5597,1.6612,0.21,-0.053594715289577904
513,3.5872068405151367,N1,747.0,[ 20.77   23.361 130.685],  G,535.0,CG,3826.0,[ 23.356  25.685 129.802],ASP,286.0,C,0.7994,1.9080000000000001,0.086,'NA',-0.1363,1.824,0.17,-0.12069757174769921
514,3.874683141708374,C2,748.0,[ 19.82   24.361 130.672],  G,535.0,CG,3826.0,[ 23.356  25.685 129.802],ASP,286.0,C,0.7994,1.9080000000000001,0.086,CA,0.7657,1.9080000000000001,0.086,-0.044570657712062194
515,3.2239487171173096,N2,749.0,[ 20.281  25.629 130.769],  G,535.0,CG,3826.0,[ 23.356  25.685 129.802],ASP,286.0,C,0.7994,1.9080000000000001,0.086,N2,-0.0944,1.824,0.17,0.0
516,4.886350631713867,C5,744.0,[ 19.103  21.715 130.574],  G,535.0,OD1,3827.0,[ 23.094  24.454 129.906],ASP,286.0,O2,-0.8014,1.6612,0.21,CB,0.1744,1.9080000000000001,0.086,-0.043576557432402546
517,3.646158456802368,C6,745.0,[ 20.51   21.99  130.645],  G,535.0,OD1,3827.0,[ 23.094  24.454 129.906],ASP,286.0,O2,-0.8014,1.6612,0.21,C,0.47700000000000004,1.9080000000000001,0.086,-0.16120159545072693
518,3.7208054065704346,O6,746.0,[ 21.454  21.206 130.684],  G,535.0,OD1,3827.0,[ 23.094  24.454 129.906],ASP,286.0,O2,-0.8014,1.6612,0.21,O,-0.5597,1.6612,0.21,-0.12653220440074392
519,2.6837382316589355,N1,747.0,[ 20.77   23.361 130.685],  G,535.0,OD1,3827.0,[ 23.094  24.454 129.906],ASP,286.0,O2,-0.8014,1.6612,0.21,'NA',-0.1363,1.824,0.17,0.0
520,3.363698720932007,C2,748.0,[ 19.82   24.361 130.672],  G,535.0,OD1,3827.0,[ 23.094  24.454 129.906],ASP,286.0,O2,-0.8014,1.6612,0.21,CA,0.7657,1.9080000000000001,0.086,-0.16408175882272835
521,3.168334722518921,N2,749.0,[ 20.281  25.629 130.769],  G,535.0,OD1,3827.0,[ 23.094  24.454 129.906],ASP,286.0,O2,-0.8014,1.6612,0.21,N2,-0.0944,1.824,0.17,-0.06890000562190816
522,4.6312642097473145,N3,750.0,[ 18.524  24.14  130.588],  G,535.0,OD1,3827.0,[ 23.094  24.454 129.906],ASP,286.0,O2,-0.8014,1.6612,0.21,NC,-0.6323,1.84,0.17,-0.040335446736448205
523,3.782060384750366,N1,747.0,[ 20.77   23.361 130.685],  G,535.0,OD2,3828.0,[ 22.808  26.544 130.547],ASP,286.0,O2,-0.8014,1.6612,0.21,'NA',-0.1363,1.824,0.17,-0.1529140100842324
524,3.7026026248931885,C2,748.0,[ 19.82   24.361 130.672],  G,535.0,OD2,3828.0,[ 22.808  26.544 130.547],ASP,286.0,O2,-0.8014,1.6612,0.21,CA,0.7657,1.9080000000000001,0.086,-0.17389980969993002
525,2.696709394454956,N2,749.0,[ 20.281  25.629 130.769],  G,535.0,OD2,3828.0,[ 22.808  26.544 130.547],ASP,286.0,O2,-0.8014,1.6612,0.21,N2,-0.0944,1.824,0.17,0.0
526,4.91259241104126,N3,750.0,[ 18.524  24.14  130.588],  G,535.0,OD2,3828.0,[ 22.808  26.544 130.547],ASP,286.0,O2,-0.8014,1.6612,0.21,NC,-0.6323,1.84,0.17,-0.02528069457297883
528,4.9999847412109375,O2,766.0,[ 17.535  25.311 121.277],  U,536.0,CG,3842.0,[ 20.714  29.132 121.819],LYS,288.0,CT,0.0393,1.9080000000000001,0.1094,O,-0.5477,1.6612,0.21,-0.03831815233549687
529,4.652646064758301,C2',761.0,[ 15.371  26.416 122.986],  U,536.0,CD,3843.0,[ 19.182  28.803 121.792],LYS,288.0,CT,0.0763,1.9080000000000001,0.1094,CT,0.1642,1.9080000000000001,0.1094,-0.05588760861822469
530,3.759483575820923,O2',762.0,[ 15.733  27.773 122.877],  U,536.0,CD,3843.0,[ 19.182  28.803 121.792],LYS,288.0,CT,0.0763,1.9080000000000001,0.1094,OH,-0.1953,1.7209999999999999,0.2104,-0.14723605892221345
531,4.500229835510254,C1',763.0,[ 16.53   25.679 123.652],  U,536.0,CD,3843.0,[ 19.182  28.803 121.792],LYS,288.0,CT,0.0763,1.9080000000000001,0.1094,CT,0.2498,1.9080000000000001,0.1094,-0.0652778534355815
532,4.913182735443115,C2,765.0,[ 17.176  24.318 121.803],  U,536.0,CD,3843.0,[ 19.182  28.803 121.792],LYS,288.0,CT,0.0763,1.9080000000000001,0.1094,C,0.4687,1.9080000000000001,0.086,-0.036429755322409454
533,3.8951103687286377,O2,766.0,[ 17.535  25.311 121.277],  U,536.0,CD,3843.0,[ 19.182  28.803 121.792],LYS,288.0,CT,0.0763,1.9080000000000001,0.1094,O,-0.5477,1.6612,0.21,-0.12909239706622327
535,4.620640754699707,C2',761.0,[ 15.371  26.416 122.986],  U,536.0,CE,3844.0,[ 18.728  28.309 120.437],LYS,288.0,CT,0.2127,1.9080000000000001,0.1094,CT,0.1642,1.9080000000000001,0.1094,-0.05677149046889852
536,3.9001200199127197,O2',762.0,[ 15.733  27.773 122.877],  U,536.0,CE,3844.0,[ 18.728  28.309 120.437],LYS,288.0,CT,0.2127,1.9080000000000001,0.1094,OH,-0.1953,1.7209999999999999,0.2104,-0.1357569087673342
537,4.699398994445801,C1',763.0,[ 16.53   25.679 123.652],  U,536.0,CE,3844.0,[ 18.728  28.309 120.437],LYS,288.0,CT,0.2127,1.9080000000000001,0.1094,CT,0.2498,1.9080000000000001,0.1094,-0.051328496348705496
538,4.494746685028076,C2,765.0,[ 17.176  24.318 121.803],  U,536.0,CE,3844.0,[ 18.728  28.309 120.437],LYS,288.0,CT,0.2127,1.9080000000000001,0.1094,C,0.4687,1.9080000000000001,0.086,-0.054108794674461294
539,3.334195137023926,O2,766.0,[ 17.535  25.311 121.277],  U,536.0,CE,3844.0,[ 18.728  28.309 120.437],LYS,288.0,CT,0.2127,1.9080000000000001,0.1094,O,-0.5477,1.6612,0.21,-0.12342675522460225
540,4.4426774978637695,O4',778.0,[ 14.597  26.801 119.806],  A,537.0,CE,3844.0,[ 18.728  28.309 120.437],LYS,288.0,CT,0.2127,1.9080000000000001,0.1094,OS,-0.3548,1.6837,0.17,-0.06934631044687535
541,4.946628093719482,C1',783.0,[ 14.778  25.821 118.801],  A,537.0,CE,3844.0,[ 18.728  28.309 120.437],LYS,288.0,CT,0.2127,1.9080000000000001,0.1094,CT,0.2401,1.9080000000000001,0.1094,-0.039168214936157686
542,3.703104257583618,C2',761.0,[ 15.371  26.416 122.986],  U,536.0,NZ,3845.0,[ 17.21   28.138 120.272],LYS,288.0,N3,0.6346,1.875,0.17,CT,0.1642,1.9080000000000001,0.1094,-0.12622962139084967
543,3.0167458057403564,O2',762.0,[ 15.733  27.773 122.877],  U,536.0,NZ,3845.0,[ 17.21   28.138 120.272],LYS,288.0,N3,0.6346,1.875,0.17,OH,-0.1953,1.7209999999999999,0.2104,0.0
544,4.234791278839111,C1',763.0,[ 16.53   25.679 123.652],  U,536.0,NZ,3845.0,[ 17.21   28.138 120.272],LYS,288.0,N3,0.6346,1.875,0.17,CT,0.2498,1.9080000000000001,0.1094,-0.09454908698913002
545,4.756289482116699,N1,764.0,[ 16.585  24.337 123.062],  U,536.0,NZ,3845.0,[ 17.21   28.138 120.272],LYS,288.0,N3,0.6346,1.875,0.17,N*,0.0418,1.824,0.17,-0.06573241969155331
546,4.115520477294922,C2,765.0,[ 17.176  24.318 121.803],  U,536.0,NZ,3845.0,[ 17.21   28.138 120.272],LYS,288.0,N3,0.6346,1.875,0.17,C,0.4687,1.9080000000000001,0.086,-0.0843156140713454
547,3.0178754329681396,O2,766.0,[ 17.535  25.311 121.277],  U,536.0,NZ,3845.0,[ 17.21   28.138 120.272],LYS,288.0,N3,0.6346,1.875,0.17,O,-0.5477,1.6612,0.21,0.0
548,4.457344055175781,C5',776.0,[ 12.79   28.    120.831],  A,537.0,NZ,3845.0,[ 17.21   28.138 120.272],LYS,288.0,N3,0.6346,1.875,0.17,CT,0.1916,1.9080000000000001,0.1094,-0.07676706356569896
549,3.9425833225250244,C4',777.0,[ 13.381  27.587 119.511],  A,537.0,NZ,3845.0,[ 17.21   28.138 120.272],LYS,288.0,N3,0.6346,1.875,0.17,CT,0.2239,1.9080000000000001,0.1094,-0.12065863562357412
550,2.9719507694244385,O4',778.0,[ 14.597  26.801 119.806],  A,537.0,NZ,3845.0,[ 17.21   28.138 120.272],LYS,288.0,N3,0.6346,1.875,0.17,OS,-0.3548,1.6837,0.17,0.0
551,4.866153240203857,C2',781.0,[ 13.625  25.98  117.788],  A,537.0,NZ,3845.0,[ 17.21   28.138 120.272],LYS,288.0,N3,0.6346,1.875,0.17,CT,0.1642,1.9080000000000001,0.1094,-0.04916351936373406
552,4.95867919921875,O2',782.0,[ 14.078  26.776 116.677],  A,537.0,NZ,3845.0,[ 17.21   28.138 120.272],LYS,288.0,N3,0.6346,1.875,0.17,OH,-0.1953,1.7209999999999999,0.2104,-0.05605656036007361
553,3.6670093536376953,C1',783.0,[ 14.778  25.821 118.801],  A,537.0,NZ,3845.0,[ 17.21   28.138 120.272],LYS,288.0,N3,0.6346,1.875,0.17,CT,0.2401,1.9080000000000001,0.1094,-0.11928766626797362
554,4.550630569458008,N9,784.0,[ 14.621  24.503 119.382],  A,537.0,NZ,3845.0,[ 17.21   28.138 120.272],LYS,288.0,N3,0.6346,1.875,0.17,N*,-0.0251,1.824,0.17,-0.08469856475020891
